{
  "oldName": [
    "Rsim4",
    "Usim4",
    "Isim4"
  ],
  "name1": [
    "Rsim3",
    "Usim3",
    "Isim3"
  ],
  "name2": [
    "R3",
    "U3",
    "I3"
  ],
  "oldValue": [
    "1.0 \u03A9",
    "10.0 V",
    "10.0 A"
  ],
  "value1": [
    "2.0 \u03A9",
    "10.0 V",
    "5.0 A"
  ],
  "value2": [
    "2.0 \u03A9",
    "10.0 V",
    "5.0 A"
  ],
  "relation": "parallel",
  "equation": [
    "10.0 V / 2.0 \u03A9 = 5.0 A",
    "10.0 V / 2.0 \u03A9 = 5.0 A"
  ]
}