{
  "oldName": [
    "Rsim2",
    "Usim2",
    "Isim2"
  ],
  "name1": [
    "R5",
    "U5",
    "I5"
  ],
  "name2": [
    "R6",
    "U6",
    "I6"
  ],
  "oldValue": [
    "10.28 \u03A9",
    "91.91 V",
    "8.94 A"
  ],
  "value1": [
    "17.0 \u03A9",
    "91.91 V",
    "5.41 A"
  ],
  "value2": [
    "26.0 \u03A9",
    "91.91 V",
    "3.53 A"
  ],
  "relation": "parallel",
  "equation": [
    "91.91 V / 17.0 \u03A9 = 5.41 A",
    "91.91 V / 26.0 \u03A9 = 3.53 A"
  ]
}