{
  "oldName": [
    "Rsim2",
    "Usim2",
    "Isim2"
  ],
  "name1": [
    "Rsim1",
    "Usim1",
    "Isim1"
  ],
  "name2": [
    "R6",
    "U6",
    "I6"
  ],
  "oldValue": [
    "19.0 \u03A9",
    "190.0 V",
    "10.0 A"
  ],
  "value1": [
    "12.0 \u03A9",
    "120.0 V",
    "10.0 A"
  ],
  "value2": [
    "7.0 \u03A9",
    "70.0 V",
    "10.0 A"
  ],
  "relation": "series",
  "equation": [
    "12.0 \u03A9 * 10.0 A = 120.0 V",
    "7.0 \u03A9 * 10.0 A = 70.0 V"
  ]
}