{
  "oldName": [
    "Rsim1",
    "Usim1",
    "Isim1"
  ],
  "name1": [
    "R3",
    "U3",
    "I3"
  ],
  "name2": [
    "R4",
    "U4",
    "I4"
  ],
  "oldValue": [
    "13.0 \u03A9",
    "91.91 V",
    "7.07 A"
  ],
  "value1": [
    "5.0 \u03A9",
    "35.35 V",
    "7.07 A"
  ],
  "value2": [
    "8.0 \u03A9",
    "56.56 V",
    "7.07 A"
  ],
  "relation": "series",
  "equation": [
    "5.0 \u03A9 * 7.07 A = 35.35 V",
    "8.0 \u03A9 * 7.07 A = 56.56 V"
  ]
}