{
  "oldName": [
    "Rsim5",
    "Usim5",
    "Isim5"
  ],
  "name1": [
    "Rsim3",
    "Usim3",
    "Isim3"
  ],
  "name2": [
    "Rsim4",
    "Usim4",
    "Isim4"
  ],
  "oldValue": [
    "13.74 \u03A9",
    "220 V",
    "16.01 A"
  ],
  "value1": [
    "8.0 \u03A9",
    "128.09 V",
    "16.01 A"
  ],
  "value2": [
    "5.74 \u03A9",
    "91.91 V",
    "16.01 A"
  ],
  "relation": "series",
  "result": [
    "128.09 V",
    "91.91 V"
  ],
  "equation": [
    "8.0 \u03A9 * 16.01 A = 128.09 V",
    "5.74 \u03A9 * 16.01 A = 91.91 V"
  ]
}