{
  "oldName": [
    "Rsim5",
    "Usim5",
    "Isim5"
  ],
  "name1": [
    "Rsim3",
    "Usim3",
    "Isim3"
  ],
  "name2": [
    "Rsim4",
    "Usim4",
    "Isim4"
  ],
  "oldValue": [
    "13.74 \\text{\\Omega}",
    "220 \\text{V}",
    "16.01 \\text{A}"
  ],
  "value1": [
    "8.0 \\text{\\Omega}",
    "128.09 \\text{V}",
    "16.01 \\text{A}"
  ],
  "value2": [
    "5.74 \\text{\\Omega}",
    "91.91 \\text{V}",
    "16.01 \\text{A}"
  ],
  "relation": "series",
  "result": [
    "128.09 \\text{V}",
    "91.91 \\text{V}"
  ],
  "equation": [
    "8.0 \\text{\\Omega} * 16.01 \\text{A} = 128.09 \\text{V}",
    "5.74 \\text{\\Omega} * 16.01 \\text{A} = 91.91 \\text{V}"
  ]
}