{
  "oldName": [
    "Rsim5",
    "Usim5",
    "Isim5"
  ],
  "name1": [
    "Rsim2",
    "Usim2",
    "Isim2"
  ],
  "name2": [
    "Rsim4",
    "Usim4",
    "Isim4"
  ],
  "oldValue": [
    "20.0 \\text{\\Omega}",
    "200.0 \\text{V}",
    "10.0 \\text{A}"
  ],
  "value1": [
    "19.0 \\text{\\Omega}",
    "190.0 \\text{V}",
    "10.0 \\text{A}"
  ],
  "value2": [
    "1.0 \\text{\\Omega}",
    "10.0 \\text{V}",
    "10.0 \\text{A}"
  ],
  "relation": "series",
  "result": [
    "190.0 \\text{V}",
    "10.0 \\text{V}"
  ],
  "equation": [
    "19.0 \\text{\\Omega} * 10.0 \\text{A} = 190.0 \\text{V}",
    "1.0 \\text{\\Omega} * 10.0 \\text{A} = 10.0 \\text{V}"
  ]
}