{
  "oldName": [
    "Rsim3",
    "Usim3",
    "Isim3"
  ],
  "name1": [
    "R2",
    "U2",
    "I2"
  ],
  "name2": [
    "R1",
    "U1",
    "I1"
  ],
  "oldValue": [
    "2.0 \\text{\\Omega}",
    "10.0 \\text{V}",
    "5.0 \\text{A}"
  ],
  "value1": [
    "6.0 \\text{\\Omega}",
    "10.0 \\text{V}",
    "1.67 \\text{A}"
  ],
  "value2": [
    "3.0 \\text{\\Omega}",
    "10.0 \\text{V}",
    "3.33 \\text{A}"
  ],
  "relation": "parallel",
  "result": [
    "1.67 \\text{A}",
    "3.33 \\text{A}"
  ],
  "equation": [
    "10.0 \\text{V} / 6.0 \\text{\\Omega} = 1.67 \\text{A}",
    "10.0 \\text{V} / 3.0 \\text{\\Omega} = 3.33 \\text{A}"
  ]
}