{
  "oldName": [
    "Rsim2",
    "Usim2",
    "Isim2"
  ],
  "name1": [
    "Rsim1",
    "Usim1",
    "Isim1"
  ],
  "name2": [
    "R6",
    "U6",
    "I6"
  ],
  "oldValue": [
    "19.0 \\text{\\Omega}",
    "190.0 \\text{V}",
    "10.0 \\text{A}"
  ],
  "value1": [
    "12.0 \\text{\\Omega}",
    "120.0 \\text{V}",
    "10.0 \\text{A}"
  ],
  "value2": [
    "7.0 \\text{\\Omega}",
    "70.0 \\text{V}",
    "10.0 \\text{A}"
  ],
  "relation": "series",
  "result": [
    "120.0 \\text{V}",
    "70.0 \\text{V}"
  ],
  "equation": [
    "12.0 \\text{\\Omega} * 10.0 \\text{A} = 120.0 \\text{V}",
    "7.0 \\text{\\Omega} * 10.0 \\text{A} = 70.0 \\text{V}"
  ]
}