{
  "oldName": [
    "Rsim4",
    "Usim4",
    "Isim4"
  ],
  "name1": [
    "Rsim3",
    "Usim3",
    "Isim3"
  ],
  "name2": [
    "R3",
    "U3",
    "I3"
  ],
  "oldValue": [
    "1 \\omega",
    "10 \\text{V}",
    "10 \\text{A}"
  ],
  "value1": [
    "2 \\omega",
    "10 \\text{V}",
    "5 \\text{A}"
  ],
  "value2": [
    "2 \\omega",
    "10 \\text{V}",
    "5 \\text{A}"
  ],
  "relation": "parallel",
  "result": [
    "5 \\text{A}",
    "5 \\text{A}"
  ],
  "equation": [
    "10 \\text{V} / 2 \\omega = 5 \\text{A}",
    "10 \\text{V} / 2 \\omega = 5 \\text{A}"
  ]
}