{
  "oldName": [
    "Rsim1",
    "Usim1",
    "Isim1"
  ],
  "name1": [
    "R4",
    "U4",
    "I4"
  ],
  "name2": [
    "R5",
    "U5",
    "I5"
  ],
  "oldValue": [
    "12.0 \u03A9",
    "120.0 V",
    "10.0 A"
  ],
  "value1": [
    "20.0 \u03A9",
    "120.0 V",
    "6.0 A"
  ],
  "value2": [
    "30.0 \u03A9",
    "120.0 V",
    "4.0 A"
  ],
  "relation": "parallel",
  "result": [
    "6.0 A",
    "4.0 A"
  ],
  "equation": [
    "120.0 V / 20.0 \u03A9 = 6.0 A",
    "120.0 V / 30.0 \u03A9 = 4.0 A"
  ]
}