{
  "oldName": [
    "Rsim4",
    "Usim4",
    "Isim4"
  ],
  "name1": [
    "Rsim1",
    "Usim1",
    "Isim1"
  ],
  "name2": [
    "Rsim2",
    "Usim2",
    "Isim2"
  ],
  "oldValue": [
    "5.74 \u03a9",
    "91.91 V",
    "16.01 A"
  ],
  "value1": [
    "13.0 \u03a9",
    "91.91 V",
    "7.07 A"
  ],
  "value2": [
    "10.28 \u03a9",
    "91.91 V",
    "8.94 A"
  ],
  "relation": "parallel",
  "result": [
    "7.07 A",
    "8.94 A"
  ],
  "equation": [
    "91.91 V / 13.0 \u03a9 = 7.07 A",
    "91.91 V / 10.28 \u03a9 = 8.94 A"
  ]
}