{
  "oldName": [
    "Rsim3",
    "Usim3",
    "Isim3"
  ],
  "name1": [
    "R1",
    "U1",
    "I1"
  ],
  "name2": [
    "R2",
    "U2",
    "I2"
  ],
  "oldValue": [
    "8.0 \u03A9",
    "128.09 V",
    "16.01 A"
  ],
  "value1": [
    "24.0 \u03A9",
    "128.09 V",
    "5.34 A"
  ],
  "value2": [
    "12.0 \u03A9",
    "128.09 V",
    "10.67 A"
  ],
  "relation": "parallel",
  "equation": [
    "128.09 V / 24.0 \u03A9 = 5.34 A",
    "128.09 V / 12.0 \u03A9 = 10.67 A"
  ]
}