{
  "oldName": [
    "Rsim1",
    "Usim1",
    "Isim1"
  ],
  "name1": [
    "R4",
    "U4",
    "I4"
  ],
  "name2": [
    "R5",
    "U5",
    "I5"
  ],
  "oldValue": [
    "12.0 \\text{\\Omega}",
    "120.0 \\text{V}",
    "10.0 \\text{A}"
  ],
  "value1": [
    "20.0 \\text{\\Omega}",
    "120.0 \\text{V}",
    "6.0 \\text{A}"
  ],
  "value2": [
    "30.0 \\text{\\Omega}",
    "120.0 \\text{V}",
    "4.0 \\text{A}"
  ],
  "relation": "parallel",
  "result": [
    "6.0 \\text{A}",
    "4.0 \\text{A}"
  ],
  "equation": [
    "120.0 \\text{V} / 20.0 \\text{\\Omega} = 6.0 \\text{A}",
    "120.0 \\text{V} / 30.0 \\text{\\Omega} = 4.0 \\text{A}"
  ]
}