{
  "oldName": [
    "Rsim3",
    "Usim3",
    "Isim3"
  ],
  "name1": [
    "R1",
    "U1",
    "I1"
  ],
  "name2": [
    "R2",
    "U2",
    "I2"
  ],
  "oldValue": [
    "8 \\omega",
    "128.09 \\text{V}",
    "16.01 \\text{A}"
  ],
  "value1": [
    "24 \\omega",
    "128.09 \\text{V}",
    "5.34 \\text{A}"
  ],
  "value2": [
    "12 \\omega",
    "128.09 \\text{V}",
    "10.67 \\text{A}"
  ],
  "relation": "parallel",
  "result": [
    "5.34 \\text{A}",
    "10.67 \\text{A}"
  ],
  "equation": [
    "128.09 \\text{V} / 24 \\omega = 5.34 \\text{A}",
    "128.09 \\text{V} / 12 \\omega = 10.67 \\text{A}"
  ]
}