{
  "oldName": [
    "Rsim4",
    "Usim4",
    "Isim4"
  ],
  "name1": [
    "Rsim3",
    "Usim3",
    "Isim3"
  ],
  "name2": [
    "R3",
    "U3",
    "I3"
  ],
  "oldValue": [
    "1.0 \\text{Omega}",
    "10.0 \\text{V}",
    "10.0 \\text{A}"
  ],
  "value1": [
    "2.0 \\text{\\Omega}",
    "10.0 \\text{V}",
    "5.0 \\text{A}"
  ],
  "value2": [
    "2.0 \\text{\\Omega}",
    "10.0 \\text{V}",
    "5.0 \\text{A}"
  ],
  "relation": "parallel",
  "result": [
    "5.0 \\text{A}",
    "5.0 \\text{A}"
  ],
  "equation": [
    "10.0 \\text{V} / 2.0 \\text{\\Omega} = 5.0 \\text{A}",
    "10.0 \\text{V} / 2.0 \\text{\\Omega} = 5.0 \\text{A}"
  ]
}