{
  "oldName": [
    "Rsim3",
    "Usim3",
    "Isim3"
  ],
  "name1": [
    "R2",
    "U2",
    "I2"
  ],
  "name2": [
    "R1",
    "U1",
    "I1"
  ],
  "oldValue": [
    "2.0 \u03A9",
    "10.0 V",
    "5.0 A"
  ],
  "value1": [
    "6.0 \u03A9",
    "10.0 V",
    "1.67 A"
  ],
  "value2": [
    "3.0 \u03A9",
    "10.0 V",
    "3.33 A"
  ],
  "relation": "parallel",
  "result": [
    "1.67 A",
    "3.33 A"
  ],
  "equation": [
    "10.0 V / 6.0 \u03A9 = 1.67 A",
    "10.0 V / 3.0 \u03A9 = 3.33 A"
  ]
}