{
  "oldName": [
    "Rsim5",
    "Usim5",
    "Isim5"
  ],
  "name1": [
    "Rsim2",
    "Usim2",
    "Isim2"
  ],
  "name2": [
    "Rsim4",
    "Usim4",
    "Isim4"
  ],
  "oldValue": [
    "20.0 \u03A9",
    "200.0 V",
    "10.0 A"
  ],
  "value1": [
    "19.0 \u03A9",
    "190.0 V",
    "10.0 A"
  ],
  "value2": [
    "1.0 \u03A9",
    "10.0 V",
    "10.0 A"
  ],
  "relation": "series",
  "result": [
    "190.0 V",
    "10.0 V"
  ],
  "equation": [
    "19.0 \u03A9 * 10.0 A = 190.0 V",
    "1.0 \u03A9 * 10.0 A = 10.0 V"
  ]
}