{
    "map": {
        "R1.R2": "R1.R2",
        "R2.R1": "R1.R2",
        "R1.R3": "R1.R3",
        "R3.R1": "R1.R3",
        "R2.R3": "R2.R3",
        "R3.R2": "R2.R3",
        "R1.R2.R3": "R1.R2.R3",
        "R1.R3.R2": "R1.R2.R3",
        "R2.R1.R3": "R1.R2.R3",
        "R2.R3.R1": "R1.R2.R3",
        "R3.R1.R2": "R1.R2.R3",
        "R3.R2.R1": "R1.R2.R3",
        "R1.Rs1": "R1.Rs1",
        "Rs1.R1": "R1.Rs1",
        "R2.Rs1": "R2.Rs1",
        "Rs1.R2": "R2.Rs1",
        "R3.Rs1": "R3.Rs1",
        "Rs1.R3": "R3.Rs1"
    },
    "step0": {
        "step": "step0",
        "source": {
            "Type": "V",
            "omega_0": "0",
            "frequency": "0",
            "sources": {
                "Z": {
                    "name": "V1",
                    "impedance": "0",
                    "cpxVal": "0",
                    "re": "0",
                    "im": "0",
                    "phase": "\\text{NaN}",
                    "val": "0"
                },
                "U": {
                    "name": "Uges",
                    "val": "10.0 \\text{V}",
                    "phase": "0"
                },
                "I": {
                    "name": "Iges",
                    "val": "0.033 \\text{A}",
                    "phase": "180.0 ^\\circ"
                },
                "hasConversion": true
            }
        },
        "allComponents": [
            {
                "Z": {
                    "name": "R1",
                    "impedance": "100.0 \\Omega",
                    "cpxVal": "100.0 \\Omega",
                    "re": "100.0",
                    "im": "0",
                    "phase": "0",
                    "val": "100.0 \\Omega"
                },
                "U": {
                    "name": "U1",
                    "val": "3.333 \\text{V}",
                    "phase": "0"
                },
                "I": {
                    "name": "I1",
                    "val": "0.033 \\text{A}",
                    "phase": "0"
                },
                "hasConversion": true
            },
            {
                "Z": {
                    "name": "R2",
                    "impedance": "100.0 \\Omega",
                    "cpxVal": "100.0 \\Omega",
                    "re": "100.0",
                    "im": "0",
                    "phase": "0",
                    "val": "100.0 \\Omega"
                },
                "U": {
                    "name": "U2",
                    "val": "3.333 \\text{V}",
                    "phase": "0"
                },
                "I": {
                    "name": "I2",
                    "val": "0.033 \\text{A}",
                    "phase": "0"
                },
                "hasConversion": true
            },
            {
                "Z": {
                    "name": "R3",
                    "impedance": "100.0 \\Omega",
                    "cpxVal": "100.0 \\Omega",
                    "re": "100.0",
                    "im": "0",
                    "phase": "0",
                    "val": "100.0 \\Omega"
                },
                "U": {
                    "name": "U3",
                    "val": "3.333 \\text{V}",
                    "phase": "0"
                },
                "I": {
                    "name": "I3",
                    "val": "0.033 \\text{A}",
                    "phase": "0"
                },
                "hasConversion": true
            }
        ],
        "componentTypes": "R",
        "svgData": "<svg xmlns=\"http://www.w3.org/2000/svg\" xml:lang=\"en\" height=\"340.4pt\" width=\"291.896pt\" viewBox=\"-90.14800000000001 -227.79999999999998 291.896 340.4\"><circle cx=\"3.3065463576978533e-15\" cy=\"-54.0\" r=\"18.0\" style=\"stroke:black;fill:none;stroke-width:2.0;\" id=\"V1_Circle\" class=\"10.0 \\text{V}\" /><path d=\"M 0.0,-0.0 L 2.204364238465236e-15,-36.0 L 2.204364238465236e-15,-36.0 M 4.408728476930472e-15,-72.0 L 4.408728476930472e-15,-72.0 L 6.613092715395707e-15,-108.0\" id=\"V1_line\" class=\"10.0 \\text{V}\" style=\"stroke:black;fill:none;stroke-width:2.0;stroke-linecap:round;stroke-linejoin:round;\" /><path d=\"M 2.204364238465236e-15,-36.0 L 4.408728476930472e-15,-72.0\" id=\"V1_sourceLne\" class=\"10.0 \\text{V}\" style=\"stroke:black;fill:none;stroke-width:2.0;stroke-linecap:round;stroke-linejoin:round;\" /><path d=\"M -5.399999999999998,-27.0 L -12.599999999999998,-27.0\" id=\"V1_minusSign\" class=\"10.0 \\text{V}\" style=\"stroke:black;fill:none;stroke-width:2.0;stroke-linecap:round;stroke-linejoin:round;\" /><path d=\"M -8.999999999999995,-77.39999999999999 L -8.999999999999995,-84.60000000000001\" id=\"V1_plusSign1\" class=\"10.0 \\text{V}\" style=\"stroke:black;fill:none;stroke-width:2.0;stroke-linecap:round;stroke-linejoin:round;\" /><path d=\"M -5.399999999999995,-81.0 L -12.599999999999994,-81.0\" id=\"V1_plusSign2\" class=\"10.0 \\text{V}\" style=\"stroke:black;fill:none;stroke-width:2.0;stroke-linecap:round;stroke-linejoin:round;\" /><path d=\"M 23.400000000000002,-37.800000000000004 L 23.400000000000006,-81.0\" id=\"na\" class=\"voltage-label arrow Uges\" style=\"stroke:black;fill:none;stroke-width:2.0;stroke-linecap:round;stroke-linejoin:round;\" /><path d=\"M 23.400000000000002 -29.0 L 19.800000000000004 -37.8 L 27.000000000000004 -37.8 Z\" style=\"stroke:black;fill:black;stroke-linecap:butt;stroke-linejoin:miter;\" class=\"voltage-label arrow Uges\" /><path d=\"M 6.613092715395707e-15,-108.0 L 9.919639073093561e-15,-162.0 L 1.3226185430791413e-14,-216.0\" id=\"na\" class=\"na\" style=\"stroke:black;fill:none;stroke-width:2.0;stroke-linecap:round;stroke-linejoin:round;\" /><path d=\"M 1.3226185430791413e-14,-216.0 L 54.000000000000014,-216.0 L 108.00000000000001,-216.0\" id=\"na\" class=\"na\" style=\"stroke:black;fill:none;stroke-width:2.0;stroke-linecap:round;stroke-linejoin:round;\" /><path d=\"M 108.00000000000001,-216.0 L 108.00000000000001,-180.0 L 117.00000000000001,-180.0 L 117.0,-144.0 L 99.0,-144.0 L 99.00000000000001,-180.0 L 108.00000000000001,-180.0 M 108.0,-144.0 L 108.0,-108.0\" id=\"R1\" class=\"100.0 \\Omega\" style=\"stroke:black;fill:transparent;stroke-width:2.0;stroke-linecap:round;stroke-linejoin:round;\" /><path d=\"M 122.4,-189.0 L 122.39999999999999,-145.79999999999998\" id=\"na\" class=\"voltage-label arrow U1\" style=\"stroke:black;fill:none;stroke-width:2.0;stroke-linecap:round;stroke-linejoin:round;\" /><path d=\"M 122.39999999999999 -137.0 L 118.8 -145.8 L 126.0 -145.8 Z\" style=\"stroke:black;fill:black;stroke-linecap:butt;stroke-linejoin:miter;\" class=\"voltage-label arrow U1\" /><path d=\"M 108.0,-108.0 L 108.0,-72.0 L 117.0,-72.0 L 116.99999999999999,-36.0 L 98.99999999999999,-36.0 L 99.0,-72.0 L 108.0,-72.0 M 107.99999999999999,-36.0 L 107.99999999999999,-0.0\" id=\"R2\" class=\"100.0 \\Omega\" style=\"stroke:black;fill:transparent;stroke-width:2.0;stroke-linecap:round;stroke-linejoin:round;\" /><path d=\"M 122.39999999999998,-81.0 L 122.39999999999998,-37.800000000000004\" id=\"na\" class=\"voltage-label arrow U2\" style=\"stroke:black;fill:none;stroke-width:2.0;stroke-linecap:round;stroke-linejoin:round;\" /><path d=\"M 122.39999999999998 -29.0 L 118.79999999999998 -37.8 L 125.99999999999997 -37.8 Z\" style=\"stroke:black;fill:black;stroke-linecap:butt;stroke-linejoin:miter;\" class=\"voltage-label arrow U2\" /><path d=\"M 107.99999999999999,-0.0 L 107.99999999999999,36.0 L 116.99999999999999,36.0 L 116.99999999999997,72.0 L 98.99999999999997,72.0 L 98.99999999999999,36.0 L 107.99999999999999,36.0 M 107.99999999999997,72.0 L 107.99999999999997,108.0\" id=\"R3\" class=\"100.0 \\Omega\" style=\"stroke:black;fill:transparent;stroke-width:2.0;stroke-linecap:round;stroke-linejoin:round;\" /><path d=\"M 122.39999999999998,27.0 L 122.39999999999996,70.2\" id=\"na\" class=\"voltage-label arrow U3\" style=\"stroke:black;fill:none;stroke-width:2.0;stroke-linecap:round;stroke-linejoin:round;\" /><path d=\"M 122.39999999999996 79.0 L 118.79999999999997 70.19999999999999 L 125.99999999999997 70.2 Z\" style=\"stroke:black;fill:black;stroke-linecap:butt;stroke-linejoin:miter;\" class=\"voltage-label arrow U3\" /><path d=\"M 107.99999999999997,108.0 L 53.99999999999997,108.0 L -3.197442310920451e-14,107.99999999999999\" id=\"na\" class=\"na\" style=\"stroke:black;fill:none;stroke-width:2.0;stroke-linecap:round;stroke-linejoin:round;\" /><path d=\"M -3.197442310920451e-14,107.99999999999999 L -1.6677468085554966e-14,53.99999999999999 L -1.380513061905422e-15,-0.0\" id=\"na\" class=\"na\" style=\"stroke:black;fill:none;stroke-width:2.0;stroke-linecap:round;stroke-linejoin:round;\" /><text x=\"-14.399999999999999\" y=\"-45.2\" fill=\"black\" font-size=\"14.0\" font-family=\"sans\" text-anchor=\"end\" class=\"element-label V1\"><tspan x=\"-14.399999999999999\" dy=\"14.0\">###.### ##</tspan></text><text x=\"27.000000000000004\" y=\"-52.400000000000006\" fill=\"black\" font-size=\"14.0\" font-family=\"sans\" text-anchor=\"start\" class=\"voltage-label arrow Uges\"><tspan x=\"27.000000000000004\" dy=\"14.0\">###.### ##</tspan></text><text x=\"95.4\" y=\"-182.0\" fill=\"black\" font-size=\"14.0\" font-family=\"sans\" text-anchor=\"end\" class=\"element-label R1\"><tspan x=\"95.4\" dy=\"14.0\">###.### ##</tspan></text><text x=\"126.0\" y=\"-160.39999999999998\" fill=\"black\" font-size=\"14.0\" font-family=\"sans\" text-anchor=\"start\" class=\"voltage-label arrow U1\"><tspan x=\"126.0\" dy=\"14.0\">###.### ##</tspan></text><text x=\"95.39999999999999\" y=\"-73.99999999999999\" fill=\"black\" font-size=\"14.0\" font-family=\"sans\" text-anchor=\"end\" class=\"element-label R2\"><tspan x=\"95.39999999999999\" dy=\"14.0\">###.### ##</tspan></text><text x=\"125.99999999999999\" y=\"-52.4\" fill=\"black\" font-size=\"14.0\" font-family=\"sans\" text-anchor=\"start\" class=\"voltage-label arrow U2\"><tspan x=\"125.99999999999999\" dy=\"14.0\">###.### ##</tspan></text><text x=\"95.39999999999998\" y=\"34.0\" fill=\"black\" font-size=\"14.0\" font-family=\"sans\" text-anchor=\"end\" class=\"element-label R3\"><tspan x=\"95.39999999999998\" dy=\"14.0\">###.### ##</tspan></text><text x=\"125.99999999999997\" y=\"55.599999999999994\" fill=\"black\" font-size=\"14.0\" font-family=\"sans\" text-anchor=\"start\" class=\"voltage-label arrow U3\"><tspan x=\"125.99999999999997\" dy=\"14.0\">###.### ##</tspan></text><path d=\"M 8.817456953860937e-16,-14.399999999999997 L 8.81745695386094e-16,-14.399999999999999\" id=\"na\" class=\"current-label arrow Iges\" style=\"stroke:black;fill:none;stroke-width:2.0;stroke-linecap:round;stroke-linejoin:round;\" /><path d=\"M 1.4205902870109293e-15 -23.2 L 5.4 -14.400000000000002 L -5.399999999999999 -14.400000000000002 Z\" style=\"stroke:black;fill:black;stroke-linecap:butt;stroke-linejoin:miter;\" class=\"current-label arrow Iges\" /><text x=\"-10.799999999999997\" y=\"-29.0\" fill=\"black\" font-size=\"14.0\" font-family=\"sans\" text-anchor=\"end\" class=\"current-label arrow Iges\"><tspan x=\"-10.799999999999997\" dy=\"14.0\">###.### ##</tspan></text><path d=\"M 108.0,-201.6 L 108.0,-201.6\" id=\"na\" class=\"current-label arrow I1\" style=\"stroke:black;fill:none;stroke-width:2.0;stroke-linecap:round;stroke-linejoin:round;\" /><path d=\"M 108.0 -192.79999999999998 L 102.6 -201.6 L 113.4 -201.6 Z\" style=\"stroke:black;fill:black;stroke-linecap:butt;stroke-linejoin:miter;\" class=\"current-label arrow I1\" /><text x=\"97.2\" y=\"-205.39999999999998\" fill=\"black\" font-size=\"14.0\" font-family=\"sans\" text-anchor=\"end\" class=\"current-label arrow I1\"><tspan x=\"97.2\" dy=\"14.0\">###.### ##</tspan></text><path d=\"M 107.99999999999999,-93.60000000000001 L 107.99999999999999,-93.6\" id=\"na\" class=\"current-label arrow I2\" style=\"stroke:black;fill:none;stroke-width:2.0;stroke-linecap:round;stroke-linejoin:round;\" /><path d=\"M 107.99999999999999 -84.8 L 102.59999999999998 -93.60000000000001 L 113.39999999999999 -93.60000000000001 Z\" style=\"stroke:black;fill:black;stroke-linecap:butt;stroke-linejoin:miter;\" class=\"current-label arrow I2\" /><text x=\"97.19999999999999\" y=\"-97.4\" fill=\"black\" font-size=\"14.0\" font-family=\"sans\" text-anchor=\"end\" class=\"current-label arrow I2\"><tspan x=\"97.19999999999999\" dy=\"14.0\">###.### ##</tspan></text><path d=\"M 107.99999999999997,14.399999999999997 L 107.99999999999997,14.399999999999999\" id=\"na\" class=\"current-label arrow I3\" style=\"stroke:black;fill:none;stroke-width:2.0;stroke-linecap:round;stroke-linejoin:round;\" /><path d=\"M 107.99999999999997 23.2 L 102.59999999999997 14.400000000000002 L 113.39999999999998 14.400000000000002 Z\" style=\"stroke:black;fill:black;stroke-linecap:butt;stroke-linejoin:miter;\" class=\"current-label arrow I3\" /><text x=\"97.19999999999997\" y=\"10.6\" fill=\"black\" font-size=\"14.0\" font-family=\"sans\" text-anchor=\"end\" class=\"current-label arrow I3\"><tspan x=\"97.19999999999997\" dy=\"14.0\">###.### ##</tspan></text></svg>"
    },
    "R2.R3": {
        "step": "step1",
        "canBeSimplified": true,
        "simplifiedTo": {
            "Z": {
                "name": "Rs1",
                "impedance": "200.0 \\Omega",
                "cpxVal": "200.0 \\Omega",
                "re": "200.0",
                "im": "0",
                "phase": "0",
                "val": "200.0 \\Omega"
            },
            "U": {
                "name": "Us1",
                "val": "6.667 \\text{V}",
                "phase": "0"
            },
            "I": {
                "name": "Is1",
                "val": "0.033 \\text{A}",
                "phase": "0"
            },
            "hasConversion": true
        },
        "componentsRelation": "series",
        "components": [
            {
                "Z": {
                    "name": "R2",
                    "impedance": "100.0 \\Omega",
                    "cpxVal": "100.0 \\Omega",
                    "re": "100.0",
                    "im": "0",
                    "phase": "0",
                    "val": "100.0 \\Omega"
                },
                "U": {
                    "name": "U2",
                    "val": "3.333 \\text{V}",
                    "phase": "0"
                },
                "I": {
                    "name": "I2",
                    "val": "0.033 \\text{A}",
                    "phase": "0"
                },
                "hasConversion": true
            },
            {
                "Z": {
                    "name": "R3",
                    "impedance": "100.0 \\Omega",
                    "cpxVal": "100.0 \\Omega",
                    "re": "100.0",
                    "im": "0",
                    "phase": "0",
                    "val": "100.0 \\Omega"
                },
                "U": {
                    "name": "U3",
                    "val": "3.333 \\text{V}",
                    "phase": "0"
                },
                "I": {
                    "name": "I3",
                    "val": "0.033 \\text{A}",
                    "phase": "0"
                },
                "hasConversion": true
            }
        ],
        "allComponents": [
            {
                "Z": {
                    "name": "R1",
                    "impedance": "100.0 \\Omega",
                    "cpxVal": "100.0 \\Omega",
                    "re": "100.0",
                    "im": "0",
                    "phase": "0",
                    "val": "100.0 \\Omega"
                },
                "U": {
                    "name": "U1",
                    "val": "3.333 \\text{V}",
                    "phase": "0"
                },
                "I": {
                    "name": "I1",
                    "val": "0.033 \\text{A}",
                    "phase": "0"
                },
                "hasConversion": true
            },
            {
                "Z": {
                    "name": "Rs1",
                    "impedance": "200.0 \\Omega",
                    "cpxVal": "200.0 \\Omega",
                    "re": "200.0",
                    "im": "0",
                    "phase": "0",
                    "val": "200.0 \\Omega"
                },
                "U": {
                    "name": "Us1",
                    "val": "6.667 \\text{V}",
                    "phase": "0"
                },
                "I": {
                    "name": "Is1",
                    "val": "0.033 \\text{A}",
                    "phase": "0"
                },
                "hasConversion": true
            }
        ],
        "svgData": "<svg xmlns=\"http://www.w3.org/2000/svg\" xml:lang=\"en\" height=\"340.4pt\" width=\"291.896pt\" viewBox=\"-90.14800000000001 -227.79999999999998 291.896 340.4\"><circle cx=\"3.3065463576978533e-15\" cy=\"-54.0\" r=\"18.0\" style=\"stroke:black;fill:none;stroke-width:2.0;\" id=\"V1_Circle\" class=\"10.0 \\text{V}\" /><path d=\"M 0.0,-0.0 L 2.204364238465236e-15,-36.0 L 2.204364238465236e-15,-36.0 M 4.408728476930472e-15,-72.0 L 4.408728476930472e-15,-72.0 L 6.613092715395707e-15,-108.0\" id=\"V1_line\" class=\"10.0 \\text{V}\" style=\"stroke:black;fill:none;stroke-width:2.0;stroke-linecap:round;stroke-linejoin:round;\" /><path d=\"M 2.204364238465236e-15,-36.0 L 4.408728476930472e-15,-72.0\" id=\"V1_sourceLne\" class=\"10.0 \\text{V}\" style=\"stroke:black;fill:none;stroke-width:2.0;stroke-linecap:round;stroke-linejoin:round;\" /><path d=\"M -5.399999999999998,-27.0 L -12.599999999999998,-27.0\" id=\"V1_minusSign\" class=\"10.0 \\text{V}\" style=\"stroke:black;fill:none;stroke-width:2.0;stroke-linecap:round;stroke-linejoin:round;\" /><path d=\"M -8.999999999999995,-77.39999999999999 L -8.999999999999995,-84.60000000000001\" id=\"V1_plusSign1\" class=\"10.0 \\text{V}\" style=\"stroke:black;fill:none;stroke-width:2.0;stroke-linecap:round;stroke-linejoin:round;\" /><path d=\"M -5.399999999999995,-81.0 L -12.599999999999994,-81.0\" id=\"V1_plusSign2\" class=\"10.0 \\text{V}\" style=\"stroke:black;fill:none;stroke-width:2.0;stroke-linecap:round;stroke-linejoin:round;\" /><path d=\"M 23.400000000000002,-37.800000000000004 L 23.400000000000006,-81.0\" id=\"na\" class=\"voltage-label arrow Uges\" style=\"stroke:black;fill:none;stroke-width:2.0;stroke-linecap:round;stroke-linejoin:round;\" /><path d=\"M 23.400000000000002 -29.0 L 19.800000000000004 -37.8 L 27.000000000000004 -37.8 Z\" style=\"stroke:black;fill:black;stroke-linecap:butt;stroke-linejoin:miter;\" class=\"voltage-label arrow Uges\" /><path d=\"M 6.613092715395707e-15,-108.0 L 9.919639073093561e-15,-162.0 L 1.3226185430791413e-14,-216.0\" id=\"na\" class=\"na\" style=\"stroke:black;fill:none;stroke-width:2.0;stroke-linecap:round;stroke-linejoin:round;\" /><path d=\"M 1.3226185430791413e-14,-216.0 L 54.000000000000014,-216.0 L 108.00000000000001,-216.0\" id=\"na\" class=\"na\" style=\"stroke:black;fill:none;stroke-width:2.0;stroke-linecap:round;stroke-linejoin:round;\" /><path d=\"M 108.00000000000001,-216.0 L 108.00000000000001,-180.0 L 117.00000000000001,-180.0 L 117.0,-144.0 L 99.0,-144.0 L 99.00000000000001,-180.0 L 108.00000000000001,-180.0 M 108.0,-144.0 L 108.0,-108.0\" id=\"R1\" class=\"100.0 \\Omega\" style=\"stroke:black;fill:transparent;stroke-width:2.0;stroke-linecap:round;stroke-linejoin:round;\" /><path d=\"M 122.4,-189.0 L 122.39999999999999,-145.79999999999998\" id=\"na\" class=\"voltage-label arrow U1\" style=\"stroke:black;fill:none;stroke-width:2.0;stroke-linecap:round;stroke-linejoin:round;\" /><path d=\"M 122.39999999999999 -137.0 L 118.8 -145.8 L 126.0 -145.8 Z\" style=\"stroke:black;fill:black;stroke-linecap:butt;stroke-linejoin:miter;\" class=\"voltage-label arrow U1\" /><path d=\"M 108.0,-108.0 L 108.0,-72.0 L 117.0,-72.0 L 116.99999999999999,-36.0 L 98.99999999999999,-36.0 L 99.0,-72.0 L 108.0,-72.0 M 107.99999999999999,-36.0 L 107.99999999999999,-0.0\" id=\"Rs1\" class=\"200.0 \\Omega\" style=\"stroke:black;fill:transparent;stroke-width:2.0;stroke-linecap:round;stroke-linejoin:round;\" /><path d=\"M 122.39999999999998,-81.0 L 122.39999999999998,-37.800000000000004\" id=\"na\" class=\"voltage-label arrow Us1\" style=\"stroke:black;fill:none;stroke-width:2.0;stroke-linecap:round;stroke-linejoin:round;\" /><path d=\"M 122.39999999999998 -29.0 L 118.79999999999998 -37.8 L 125.99999999999997 -37.8 Z\" style=\"stroke:black;fill:black;stroke-linecap:butt;stroke-linejoin:miter;\" class=\"voltage-label arrow Us1\" /><path d=\"M 107.99999999999999,-0.0 L 107.99999999999997,54.0 L 107.99999999999997,108.0\" id=\"na\" class=\"na\" style=\"stroke:black;fill:none;stroke-width:2.0;stroke-linecap:round;stroke-linejoin:round;\" /><path d=\"M 107.99999999999997,108.0 L 53.99999999999997,108.0 L -3.197442310920451e-14,107.99999999999999\" id=\"na\" class=\"na\" style=\"stroke:black;fill:none;stroke-width:2.0;stroke-linecap:round;stroke-linejoin:round;\" /><path d=\"M -3.197442310920451e-14,107.99999999999999 L -1.6677468085554966e-14,53.99999999999999 L -1.380513061905422e-15,-0.0\" id=\"na\" class=\"na\" style=\"stroke:black;fill:none;stroke-width:2.0;stroke-linecap:round;stroke-linejoin:round;\" /><text x=\"-14.399999999999999\" y=\"-45.2\" fill=\"black\" font-size=\"14.0\" font-family=\"sans\" text-anchor=\"end\" class=\"element-label V1\"><tspan x=\"-14.399999999999999\" dy=\"14.0\">###.### ##</tspan></text><text x=\"27.000000000000004\" y=\"-52.400000000000006\" fill=\"black\" font-size=\"14.0\" font-family=\"sans\" text-anchor=\"start\" class=\"voltage-label arrow Uges\"><tspan x=\"27.000000000000004\" dy=\"14.0\">###.### ##</tspan></text><text x=\"95.4\" y=\"-182.0\" fill=\"black\" font-size=\"14.0\" font-family=\"sans\" text-anchor=\"end\" class=\"element-label R1\"><tspan x=\"95.4\" dy=\"14.0\">###.### ##</tspan></text><text x=\"126.0\" y=\"-160.39999999999998\" fill=\"black\" font-size=\"14.0\" font-family=\"sans\" text-anchor=\"start\" class=\"voltage-label arrow U1\"><tspan x=\"126.0\" dy=\"14.0\">###.### ##</tspan></text><text x=\"95.39999999999999\" y=\"-73.99999999999999\" fill=\"black\" font-size=\"14.0\" font-family=\"sans\" text-anchor=\"end\" class=\"element-label Rs1\"><tspan x=\"95.39999999999999\" dy=\"14.0\">###.### ##</tspan></text><text x=\"125.99999999999999\" y=\"-52.4\" fill=\"black\" font-size=\"14.0\" font-family=\"sans\" text-anchor=\"start\" class=\"voltage-label arrow Us1\"><tspan x=\"125.99999999999999\" dy=\"14.0\">###.### ##</tspan></text><path d=\"M 8.817456953860937e-16,-14.399999999999997 L 8.81745695386094e-16,-14.399999999999999\" id=\"na\" class=\"current-label arrow Iges\" style=\"stroke:black;fill:none;stroke-width:2.0;stroke-linecap:round;stroke-linejoin:round;\" /><path d=\"M 1.4205902870109293e-15 -23.2 L 5.4 -14.400000000000002 L -5.399999999999999 -14.400000000000002 Z\" style=\"stroke:black;fill:black;stroke-linecap:butt;stroke-linejoin:miter;\" class=\"current-label arrow Iges\" /><text x=\"-10.799999999999997\" y=\"-29.0\" fill=\"black\" font-size=\"14.0\" font-family=\"sans\" text-anchor=\"end\" class=\"current-label arrow Iges\"><tspan x=\"-10.799999999999997\" dy=\"14.0\">###.### ##</tspan></text><path d=\"M 108.0,-201.6 L 108.0,-201.6\" id=\"na\" class=\"current-label arrow I1\" style=\"stroke:black;fill:none;stroke-width:2.0;stroke-linecap:round;stroke-linejoin:round;\" /><path d=\"M 108.0 -192.79999999999998 L 102.6 -201.6 L 113.4 -201.6 Z\" style=\"stroke:black;fill:black;stroke-linecap:butt;stroke-linejoin:miter;\" class=\"current-label arrow I1\" /><text x=\"97.2\" y=\"-205.39999999999998\" fill=\"black\" font-size=\"14.0\" font-family=\"sans\" text-anchor=\"end\" class=\"current-label arrow I1\"><tspan x=\"97.2\" dy=\"14.0\">###.### ##</tspan></text><path d=\"M 107.99999999999999,-93.60000000000001 L 107.99999999999999,-93.6\" id=\"na\" class=\"current-label arrow Is1\" style=\"stroke:black;fill:none;stroke-width:2.0;stroke-linecap:round;stroke-linejoin:round;\" /><path d=\"M 107.99999999999999 -84.8 L 102.59999999999998 -93.60000000000001 L 113.39999999999999 -93.60000000000001 Z\" style=\"stroke:black;fill:black;stroke-linecap:butt;stroke-linejoin:miter;\" class=\"current-label arrow Is1\" /><text x=\"97.19999999999999\" y=\"-97.4\" fill=\"black\" font-size=\"14.0\" font-family=\"sans\" text-anchor=\"end\" class=\"current-label arrow Is1\"><tspan x=\"97.19999999999999\" dy=\"14.0\">###.### ##</tspan></text></svg>"
    },
    "R1.Rs1": {
        "step": "step2",
        "canBeSimplified": true,
        "simplifiedTo": {
            "Z": {
                "name": "Rs2",
                "impedance": "300.0 \\Omega",
                "cpxVal": "300.0 \\Omega",
                "re": "300.0",
                "im": "0",
                "phase": "0",
                "val": "300.0 \\Omega"
            },
            "U": {
                "name": "Us2",
                "val": "10.0 \\text{V}",
                "phase": "0"
            },
            "I": {
                "name": "Is2",
                "val": "0.033 \\text{A}",
                "phase": "0"
            },
            "hasConversion": true
        },
        "componentsRelation": "series",
        "components": [
            {
                "Z": {
                    "name": "R1",
                    "impedance": "100.0 \\Omega",
                    "cpxVal": "100.0 \\Omega",
                    "re": "100.0",
                    "im": "0",
                    "phase": "0",
                    "val": "100.0 \\Omega"
                },
                "U": {
                    "name": "U1",
                    "val": "3.333 \\text{V}",
                    "phase": "0"
                },
                "I": {
                    "name": "I1",
                    "val": "0.033 \\text{A}",
                    "phase": "0"
                },
                "hasConversion": true
            },
            {
                "Z": {
                    "name": "Rs1",
                    "impedance": "200.0 \\Omega",
                    "cpxVal": "200.0 \\Omega",
                    "re": "200.0",
                    "im": "0",
                    "phase": "0",
                    "val": "200.0 \\Omega"
                },
                "U": {
                    "name": "Us1",
                    "val": "6.667 \\text{V}",
                    "phase": "0"
                },
                "I": {
                    "name": "Is1",
                    "val": "0.033 \\text{A}",
                    "phase": "0"
                },
                "hasConversion": true
            }
        ],
        "allComponents": [
            {
                "Z": {
                    "name": "Rs2",
                    "impedance": "300.0 \\Omega",
                    "cpxVal": "300.0 \\Omega",
                    "re": "300.0",
                    "im": "0",
                    "phase": "0",
                    "val": "300.0 \\Omega"
                },
                "U": {
                    "name": "Us2",
                    "val": "10.0 \\text{V}",
                    "phase": "0"
                },
                "I": {
                    "name": "Is2",
                    "val": "0.033 \\text{A}",
                    "phase": "0"
                },
                "hasConversion": true
            }
        ],
        "svgData": "<svg xmlns=\"http://www.w3.org/2000/svg\" xml:lang=\"en\" height=\"340.4pt\" width=\"291.896pt\" viewBox=\"-90.14800000000001 -227.79999999999998 291.896 340.4\"><circle cx=\"3.3065463576978533e-15\" cy=\"-54.0\" r=\"18.0\" style=\"stroke:black;fill:none;stroke-width:2.0;\" id=\"V1_Circle\" class=\"10.0 \\text{V}\" /><path d=\"M 0.0,-0.0 L 2.204364238465236e-15,-36.0 L 2.204364238465236e-15,-36.0 M 4.408728476930472e-15,-72.0 L 4.408728476930472e-15,-72.0 L 6.613092715395707e-15,-108.0\" id=\"V1_line\" class=\"10.0 \\text{V}\" style=\"stroke:black;fill:none;stroke-width:2.0;stroke-linecap:round;stroke-linejoin:round;\" /><path d=\"M 2.204364238465236e-15,-36.0 L 4.408728476930472e-15,-72.0\" id=\"V1_sourceLne\" class=\"10.0 \\text{V}\" style=\"stroke:black;fill:none;stroke-width:2.0;stroke-linecap:round;stroke-linejoin:round;\" /><path d=\"M -5.399999999999998,-27.0 L -12.599999999999998,-27.0\" id=\"V1_minusSign\" class=\"10.0 \\text{V}\" style=\"stroke:black;fill:none;stroke-width:2.0;stroke-linecap:round;stroke-linejoin:round;\" /><path d=\"M -8.999999999999995,-77.39999999999999 L -8.999999999999995,-84.60000000000001\" id=\"V1_plusSign1\" class=\"10.0 \\text{V}\" style=\"stroke:black;fill:none;stroke-width:2.0;stroke-linecap:round;stroke-linejoin:round;\" /><path d=\"M -5.399999999999995,-81.0 L -12.599999999999994,-81.0\" id=\"V1_plusSign2\" class=\"10.0 \\text{V}\" style=\"stroke:black;fill:none;stroke-width:2.0;stroke-linecap:round;stroke-linejoin:round;\" /><path d=\"M 23.400000000000002,-37.800000000000004 L 23.400000000000006,-81.0\" id=\"na\" class=\"voltage-label arrow Uges\" style=\"stroke:black;fill:none;stroke-width:2.0;stroke-linecap:round;stroke-linejoin:round;\" /><path d=\"M 23.400000000000002 -29.0 L 19.800000000000004 -37.8 L 27.000000000000004 -37.8 Z\" style=\"stroke:black;fill:black;stroke-linecap:butt;stroke-linejoin:miter;\" class=\"voltage-label arrow Uges\" /><path d=\"M 6.613092715395707e-15,-108.0 L 9.919639073093561e-15,-162.0 L 1.3226185430791413e-14,-216.0\" id=\"na\" class=\"na\" style=\"stroke:black;fill:none;stroke-width:2.0;stroke-linecap:round;stroke-linejoin:round;\" /><path d=\"M 1.3226185430791413e-14,-216.0 L 54.000000000000014,-216.0 L 108.00000000000001,-216.0\" id=\"na\" class=\"na\" style=\"stroke:black;fill:none;stroke-width:2.0;stroke-linecap:round;stroke-linejoin:round;\" /><path d=\"M 108.00000000000001,-216.0 L 108.00000000000001,-180.0 L 117.00000000000001,-180.0 L 117.0,-144.0 L 99.0,-144.0 L 99.00000000000001,-180.0 L 108.00000000000001,-180.0 M 108.0,-144.0 L 108.0,-108.0\" id=\"Rs2\" class=\"300.0 \\Omega\" style=\"stroke:black;fill:transparent;stroke-width:2.0;stroke-linecap:round;stroke-linejoin:round;\" /><path d=\"M 122.4,-189.0 L 122.39999999999999,-145.79999999999998\" id=\"na\" class=\"voltage-label arrow Us2\" style=\"stroke:black;fill:none;stroke-width:2.0;stroke-linecap:round;stroke-linejoin:round;\" /><path d=\"M 122.39999999999999 -137.0 L 118.8 -145.8 L 126.0 -145.8 Z\" style=\"stroke:black;fill:black;stroke-linecap:butt;stroke-linejoin:miter;\" class=\"voltage-label arrow Us2\" /><path d=\"M 108.0,-108.0 L 107.99999999999999,-54.0 L 107.99999999999999,-0.0\" id=\"na\" class=\"na\" style=\"stroke:black;fill:none;stroke-width:2.0;stroke-linecap:round;stroke-linejoin:round;\" /><path d=\"M 107.99999999999999,-0.0 L 107.99999999999997,54.0 L 107.99999999999997,108.0\" id=\"na\" class=\"na\" style=\"stroke:black;fill:none;stroke-width:2.0;stroke-linecap:round;stroke-linejoin:round;\" /><path d=\"M 107.99999999999997,108.0 L 53.99999999999997,108.0 L -3.197442310920451e-14,107.99999999999999\" id=\"na\" class=\"na\" style=\"stroke:black;fill:none;stroke-width:2.0;stroke-linecap:round;stroke-linejoin:round;\" /><path d=\"M -3.197442310920451e-14,107.99999999999999 L -1.6677468085554966e-14,53.99999999999999 L -1.380513061905422e-15,-0.0\" id=\"na\" class=\"na\" style=\"stroke:black;fill:none;stroke-width:2.0;stroke-linecap:round;stroke-linejoin:round;\" /><text x=\"-14.399999999999999\" y=\"-45.2\" fill=\"black\" font-size=\"14.0\" font-family=\"sans\" text-anchor=\"end\" class=\"element-label V1\"><tspan x=\"-14.399999999999999\" dy=\"14.0\">###.### ##</tspan></text><text x=\"27.000000000000004\" y=\"-52.400000000000006\" fill=\"black\" font-size=\"14.0\" font-family=\"sans\" text-anchor=\"start\" class=\"voltage-label arrow Uges\"><tspan x=\"27.000000000000004\" dy=\"14.0\">###.### ##</tspan></text><text x=\"95.4\" y=\"-182.0\" fill=\"black\" font-size=\"14.0\" font-family=\"sans\" text-anchor=\"end\" class=\"element-label Rs2\"><tspan x=\"95.4\" dy=\"14.0\">###.### ##</tspan></text><text x=\"126.0\" y=\"-160.39999999999998\" fill=\"black\" font-size=\"14.0\" font-family=\"sans\" text-anchor=\"start\" class=\"voltage-label arrow Us2\"><tspan x=\"126.0\" dy=\"14.0\">###.### ##</tspan></text><path d=\"M 8.817456953860937e-16,-14.399999999999997 L 8.81745695386094e-16,-14.399999999999999\" id=\"na\" class=\"current-label arrow Iges\" style=\"stroke:black;fill:none;stroke-width:2.0;stroke-linecap:round;stroke-linejoin:round;\" /><path d=\"M 1.4205902870109293e-15 -23.2 L 5.4 -14.400000000000002 L -5.399999999999999 -14.400000000000002 Z\" style=\"stroke:black;fill:black;stroke-linecap:butt;stroke-linejoin:miter;\" class=\"current-label arrow Iges\" /><text x=\"-10.799999999999997\" y=\"-29.0\" fill=\"black\" font-size=\"14.0\" font-family=\"sans\" text-anchor=\"end\" class=\"current-label arrow Iges\"><tspan x=\"-10.799999999999997\" dy=\"14.0\">###.### ##</tspan></text><path d=\"M 108.0,-201.6 L 108.0,-201.6\" id=\"na\" class=\"current-label arrow Is2\" style=\"stroke:black;fill:none;stroke-width:2.0;stroke-linecap:round;stroke-linejoin:round;\" /><path d=\"M 108.0 -192.79999999999998 L 102.6 -201.6 L 113.4 -201.6 Z\" style=\"stroke:black;fill:black;stroke-linecap:butt;stroke-linejoin:miter;\" class=\"current-label arrow Is2\" /><text x=\"97.2\" y=\"-205.39999999999998\" fill=\"black\" font-size=\"14.0\" font-family=\"sans\" text-anchor=\"end\" class=\"current-label arrow Is2\"><tspan x=\"97.2\" dy=\"14.0\">###.### ##</tspan></text></svg>"
    },
    "R1.R3": {
        "step": "step1",
        "canBeSimplified": true,
        "simplifiedTo": {
            "Z": {
                "name": "Rs1",
                "impedance": "200.0 \\Omega",
                "cpxVal": "200.0 \\Omega",
                "re": "200.0",
                "im": "0",
                "phase": "0",
                "val": "200.0 \\Omega"
            },
            "U": {
                "name": "Us1",
                "val": "6.667 \\text{V}",
                "phase": "0"
            },
            "I": {
                "name": "Is1",
                "val": "0.033 \\text{A}",
                "phase": "0"
            },
            "hasConversion": true
        },
        "componentsRelation": "series",
        "components": [
            {
                "Z": {
                    "name": "R1",
                    "impedance": "100.0 \\Omega",
                    "cpxVal": "100.0 \\Omega",
                    "re": "100.0",
                    "im": "0",
                    "phase": "0",
                    "val": "100.0 \\Omega"
                },
                "U": {
                    "name": "U1",
                    "val": "3.333 \\text{V}",
                    "phase": "0"
                },
                "I": {
                    "name": "I1",
                    "val": "0.033 \\text{A}",
                    "phase": "0"
                },
                "hasConversion": true
            },
            {
                "Z": {
                    "name": "R3",
                    "impedance": "100.0 \\Omega",
                    "cpxVal": "100.0 \\Omega",
                    "re": "100.0",
                    "im": "0",
                    "phase": "0",
                    "val": "100.0 \\Omega"
                },
                "U": {
                    "name": "U3",
                    "val": "3.333 \\text{V}",
                    "phase": "0"
                },
                "I": {
                    "name": "I3",
                    "val": "0.033 \\text{A}",
                    "phase": "0"
                },
                "hasConversion": true
            }
        ],
        "allComponents": [
            {
                "Z": {
                    "name": "R2",
                    "impedance": "100.0 \\Omega",
                    "cpxVal": "100.0 \\Omega",
                    "re": "100.0",
                    "im": "0",
                    "phase": "0",
                    "val": "100.0 \\Omega"
                },
                "U": {
                    "name": "U2",
                    "val": "3.333 \\text{V}",
                    "phase": "0"
                },
                "I": {
                    "name": "I2",
                    "val": "0.033 \\text{A}",
                    "phase": "0"
                },
                "hasConversion": true
            },
            {
                "Z": {
                    "name": "Rs1",
                    "impedance": "200.0 \\Omega",
                    "cpxVal": "200.0 \\Omega",
                    "re": "200.0",
                    "im": "0",
                    "phase": "0",
                    "val": "200.0 \\Omega"
                },
                "U": {
                    "name": "Us1",
                    "val": "6.667 \\text{V}",
                    "phase": "0"
                },
                "I": {
                    "name": "Is1",
                    "val": "0.033 \\text{A}",
                    "phase": "0"
                },
                "hasConversion": true
            }
        ],
        "svgData": "<svg xmlns=\"http://www.w3.org/2000/svg\" xml:lang=\"en\" height=\"340.4pt\" width=\"291.896pt\" viewBox=\"-90.14800000000001 -227.79999999999998 291.896 340.4\"><circle cx=\"3.3065463576978533e-15\" cy=\"-54.0\" r=\"18.0\" style=\"stroke:black;fill:none;stroke-width:2.0;\" id=\"V1_Circle\" class=\"10.0 \\text{V}\" /><path d=\"M 0.0,-0.0 L 2.204364238465236e-15,-36.0 L 2.204364238465236e-15,-36.0 M 4.408728476930472e-15,-72.0 L 4.408728476930472e-15,-72.0 L 6.613092715395707e-15,-108.0\" id=\"V1_line\" class=\"10.0 \\text{V}\" style=\"stroke:black;fill:none;stroke-width:2.0;stroke-linecap:round;stroke-linejoin:round;\" /><path d=\"M 2.204364238465236e-15,-36.0 L 4.408728476930472e-15,-72.0\" id=\"V1_sourceLne\" class=\"10.0 \\text{V}\" style=\"stroke:black;fill:none;stroke-width:2.0;stroke-linecap:round;stroke-linejoin:round;\" /><path d=\"M -5.399999999999998,-27.0 L -12.599999999999998,-27.0\" id=\"V1_minusSign\" class=\"10.0 \\text{V}\" style=\"stroke:black;fill:none;stroke-width:2.0;stroke-linecap:round;stroke-linejoin:round;\" /><path d=\"M -8.999999999999995,-77.39999999999999 L -8.999999999999995,-84.60000000000001\" id=\"V1_plusSign1\" class=\"10.0 \\text{V}\" style=\"stroke:black;fill:none;stroke-width:2.0;stroke-linecap:round;stroke-linejoin:round;\" /><path d=\"M -5.399999999999995,-81.0 L -12.599999999999994,-81.0\" id=\"V1_plusSign2\" class=\"10.0 \\text{V}\" style=\"stroke:black;fill:none;stroke-width:2.0;stroke-linecap:round;stroke-linejoin:round;\" /><path d=\"M 23.400000000000002,-37.800000000000004 L 23.400000000000006,-81.0\" id=\"na\" class=\"voltage-label arrow Uges\" style=\"stroke:black;fill:none;stroke-width:2.0;stroke-linecap:round;stroke-linejoin:round;\" /><path d=\"M 23.400000000000002 -29.0 L 19.800000000000004 -37.8 L 27.000000000000004 -37.8 Z\" style=\"stroke:black;fill:black;stroke-linecap:butt;stroke-linejoin:miter;\" class=\"voltage-label arrow Uges\" /><path d=\"M 6.613092715395707e-15,-108.0 L 9.919639073093561e-15,-162.0 L 1.3226185430791413e-14,-216.0\" id=\"na\" class=\"na\" style=\"stroke:black;fill:none;stroke-width:2.0;stroke-linecap:round;stroke-linejoin:round;\" /><path d=\"M 1.3226185430791413e-14,-216.0 L 54.000000000000014,-216.0 L 108.00000000000001,-216.0\" id=\"na\" class=\"na\" style=\"stroke:black;fill:none;stroke-width:2.0;stroke-linecap:round;stroke-linejoin:round;\" /><path d=\"M 108.00000000000001,-216.0 L 108.00000000000001,-180.0 L 117.00000000000001,-180.0 L 117.0,-144.0 L 99.0,-144.0 L 99.00000000000001,-180.0 L 108.00000000000001,-180.0 M 108.0,-144.0 L 108.0,-108.0\" id=\"Rs1\" class=\"200.0 \\Omega\" style=\"stroke:black;fill:transparent;stroke-width:2.0;stroke-linecap:round;stroke-linejoin:round;\" /><path d=\"M 122.4,-189.0 L 122.39999999999999,-145.79999999999998\" id=\"na\" class=\"voltage-label arrow Us1\" style=\"stroke:black;fill:none;stroke-width:2.0;stroke-linecap:round;stroke-linejoin:round;\" /><path d=\"M 122.39999999999999 -137.0 L 118.8 -145.8 L 126.0 -145.8 Z\" style=\"stroke:black;fill:black;stroke-linecap:butt;stroke-linejoin:miter;\" class=\"voltage-label arrow Us1\" /><path d=\"M 108.0,-108.0 L 108.0,-72.0 L 117.0,-72.0 L 116.99999999999999,-36.0 L 98.99999999999999,-36.0 L 99.0,-72.0 L 108.0,-72.0 M 107.99999999999999,-36.0 L 107.99999999999999,-0.0\" id=\"R2\" class=\"100.0 \\Omega\" style=\"stroke:black;fill:transparent;stroke-width:2.0;stroke-linecap:round;stroke-linejoin:round;\" /><path d=\"M 122.39999999999998,-81.0 L 122.39999999999998,-37.800000000000004\" id=\"na\" class=\"voltage-label arrow U2\" style=\"stroke:black;fill:none;stroke-width:2.0;stroke-linecap:round;stroke-linejoin:round;\" /><path d=\"M 122.39999999999998 -29.0 L 118.79999999999998 -37.8 L 125.99999999999997 -37.8 Z\" style=\"stroke:black;fill:black;stroke-linecap:butt;stroke-linejoin:miter;\" class=\"voltage-label arrow U2\" /><path d=\"M 107.99999999999999,-0.0 L 107.99999999999997,54.0 L 107.99999999999997,108.0\" id=\"na\" class=\"na\" style=\"stroke:black;fill:none;stroke-width:2.0;stroke-linecap:round;stroke-linejoin:round;\" /><path d=\"M 107.99999999999997,108.0 L 53.99999999999997,108.0 L -3.197442310920451e-14,107.99999999999999\" id=\"na\" class=\"na\" style=\"stroke:black;fill:none;stroke-width:2.0;stroke-linecap:round;stroke-linejoin:round;\" /><path d=\"M -3.197442310920451e-14,107.99999999999999 L -1.6677468085554966e-14,53.99999999999999 L -1.380513061905422e-15,-0.0\" id=\"na\" class=\"na\" style=\"stroke:black;fill:none;stroke-width:2.0;stroke-linecap:round;stroke-linejoin:round;\" /><text x=\"-14.399999999999999\" y=\"-45.2\" fill=\"black\" font-size=\"14.0\" font-family=\"sans\" text-anchor=\"end\" class=\"element-label V1\"><tspan x=\"-14.399999999999999\" dy=\"14.0\">###.### ##</tspan></text><text x=\"27.000000000000004\" y=\"-52.400000000000006\" fill=\"black\" font-size=\"14.0\" font-family=\"sans\" text-anchor=\"start\" class=\"voltage-label arrow Uges\"><tspan x=\"27.000000000000004\" dy=\"14.0\">###.### ##</tspan></text><text x=\"95.4\" y=\"-182.0\" fill=\"black\" font-size=\"14.0\" font-family=\"sans\" text-anchor=\"end\" class=\"element-label Rs1\"><tspan x=\"95.4\" dy=\"14.0\">###.### ##</tspan></text><text x=\"126.0\" y=\"-160.39999999999998\" fill=\"black\" font-size=\"14.0\" font-family=\"sans\" text-anchor=\"start\" class=\"voltage-label arrow Us1\"><tspan x=\"126.0\" dy=\"14.0\">###.### ##</tspan></text><text x=\"95.39999999999999\" y=\"-73.99999999999999\" fill=\"black\" font-size=\"14.0\" font-family=\"sans\" text-anchor=\"end\" class=\"element-label R2\"><tspan x=\"95.39999999999999\" dy=\"14.0\">###.### ##</tspan></text><text x=\"125.99999999999999\" y=\"-52.4\" fill=\"black\" font-size=\"14.0\" font-family=\"sans\" text-anchor=\"start\" class=\"voltage-label arrow U2\"><tspan x=\"125.99999999999999\" dy=\"14.0\">###.### ##</tspan></text><path d=\"M 8.817456953860937e-16,-14.399999999999997 L 8.81745695386094e-16,-14.399999999999999\" id=\"na\" class=\"current-label arrow Iges\" style=\"stroke:black;fill:none;stroke-width:2.0;stroke-linecap:round;stroke-linejoin:round;\" /><path d=\"M 1.4205902870109293e-15 -23.2 L 5.4 -14.400000000000002 L -5.399999999999999 -14.400000000000002 Z\" style=\"stroke:black;fill:black;stroke-linecap:butt;stroke-linejoin:miter;\" class=\"current-label arrow Iges\" /><text x=\"-10.799999999999997\" y=\"-29.0\" fill=\"black\" font-size=\"14.0\" font-family=\"sans\" text-anchor=\"end\" class=\"current-label arrow Iges\"><tspan x=\"-10.799999999999997\" dy=\"14.0\">###.### ##</tspan></text><path d=\"M 108.0,-201.6 L 108.0,-201.6\" id=\"na\" class=\"current-label arrow Is1\" style=\"stroke:black;fill:none;stroke-width:2.0;stroke-linecap:round;stroke-linejoin:round;\" /><path d=\"M 108.0 -192.79999999999998 L 102.6 -201.6 L 113.4 -201.6 Z\" style=\"stroke:black;fill:black;stroke-linecap:butt;stroke-linejoin:miter;\" class=\"current-label arrow Is1\" /><text x=\"97.2\" y=\"-205.39999999999998\" fill=\"black\" font-size=\"14.0\" font-family=\"sans\" text-anchor=\"end\" class=\"current-label arrow Is1\"><tspan x=\"97.2\" dy=\"14.0\">###.### ##</tspan></text><path d=\"M 107.99999999999999,-93.60000000000001 L 107.99999999999999,-93.6\" id=\"na\" class=\"current-label arrow I2\" style=\"stroke:black;fill:none;stroke-width:2.0;stroke-linecap:round;stroke-linejoin:round;\" /><path d=\"M 107.99999999999999 -84.8 L 102.59999999999998 -93.60000000000001 L 113.39999999999999 -93.60000000000001 Z\" style=\"stroke:black;fill:black;stroke-linecap:butt;stroke-linejoin:miter;\" class=\"current-label arrow I2\" /><text x=\"97.19999999999999\" y=\"-97.4\" fill=\"black\" font-size=\"14.0\" font-family=\"sans\" text-anchor=\"end\" class=\"current-label arrow I2\"><tspan x=\"97.19999999999999\" dy=\"14.0\">###.### ##</tspan></text></svg>"
    },
    "R2.Rs1": {
        "step": "step2",
        "canBeSimplified": true,
        "simplifiedTo": {
            "Z": {
                "name": "Rs2",
                "impedance": "300.0 \\Omega",
                "cpxVal": "300.0 \\Omega",
                "re": "300.0",
                "im": "0",
                "phase": "0",
                "val": "300.0 \\Omega"
            },
            "U": {
                "name": "Us2",
                "val": "10.0 \\text{V}",
                "phase": "0"
            },
            "I": {
                "name": "Is2",
                "val": "0.033 \\text{A}",
                "phase": "0"
            },
            "hasConversion": true
        },
        "componentsRelation": "series",
        "components": [
            {
                "Z": {
                    "name": "R2",
                    "impedance": "100.0 \\Omega",
                    "cpxVal": "100.0 \\Omega",
                    "re": "100.0",
                    "im": "0",
                    "phase": "0",
                    "val": "100.0 \\Omega"
                },
                "U": {
                    "name": "U2",
                    "val": "3.333 \\text{V}",
                    "phase": "0"
                },
                "I": {
                    "name": "I2",
                    "val": "0.033 \\text{A}",
                    "phase": "0"
                },
                "hasConversion": true
            },
            {
                "Z": {
                    "name": "Rs1",
                    "impedance": "200.0 \\Omega",
                    "cpxVal": "200.0 \\Omega",
                    "re": "200.0",
                    "im": "0",
                    "phase": "0",
                    "val": "200.0 \\Omega"
                },
                "U": {
                    "name": "Us1",
                    "val": "6.667 \\text{V}",
                    "phase": "0"
                },
                "I": {
                    "name": "Is1",
                    "val": "0.033 \\text{A}",
                    "phase": "0"
                },
                "hasConversion": true
            }
        ],
        "allComponents": [
            {
                "Z": {
                    "name": "Rs2",
                    "impedance": "300.0 \\Omega",
                    "cpxVal": "300.0 \\Omega",
                    "re": "300.0",
                    "im": "0",
                    "phase": "0",
                    "val": "300.0 \\Omega"
                },
                "U": {
                    "name": "Us2",
                    "val": "10.0 \\text{V}",
                    "phase": "0"
                },
                "I": {
                    "name": "Is2",
                    "val": "0.033 \\text{A}",
                    "phase": "0"
                },
                "hasConversion": true
            }
        ],
        "svgData": "<svg xmlns=\"http://www.w3.org/2000/svg\" xml:lang=\"en\" height=\"340.4pt\" width=\"291.896pt\" viewBox=\"-90.14800000000001 -227.79999999999998 291.896 340.4\"><circle cx=\"3.3065463576978533e-15\" cy=\"-54.0\" r=\"18.0\" style=\"stroke:black;fill:none;stroke-width:2.0;\" id=\"V1_Circle\" class=\"10.0 \\text{V}\" /><path d=\"M 0.0,-0.0 L 2.204364238465236e-15,-36.0 L 2.204364238465236e-15,-36.0 M 4.408728476930472e-15,-72.0 L 4.408728476930472e-15,-72.0 L 6.613092715395707e-15,-108.0\" id=\"V1_line\" class=\"10.0 \\text{V}\" style=\"stroke:black;fill:none;stroke-width:2.0;stroke-linecap:round;stroke-linejoin:round;\" /><path d=\"M 2.204364238465236e-15,-36.0 L 4.408728476930472e-15,-72.0\" id=\"V1_sourceLne\" class=\"10.0 \\text{V}\" style=\"stroke:black;fill:none;stroke-width:2.0;stroke-linecap:round;stroke-linejoin:round;\" /><path d=\"M -5.399999999999998,-27.0 L -12.599999999999998,-27.0\" id=\"V1_minusSign\" class=\"10.0 \\text{V}\" style=\"stroke:black;fill:none;stroke-width:2.0;stroke-linecap:round;stroke-linejoin:round;\" /><path d=\"M -8.999999999999995,-77.39999999999999 L -8.999999999999995,-84.60000000000001\" id=\"V1_plusSign1\" class=\"10.0 \\text{V}\" style=\"stroke:black;fill:none;stroke-width:2.0;stroke-linecap:round;stroke-linejoin:round;\" /><path d=\"M -5.399999999999995,-81.0 L -12.599999999999994,-81.0\" id=\"V1_plusSign2\" class=\"10.0 \\text{V}\" style=\"stroke:black;fill:none;stroke-width:2.0;stroke-linecap:round;stroke-linejoin:round;\" /><path d=\"M 23.400000000000002,-37.800000000000004 L 23.400000000000006,-81.0\" id=\"na\" class=\"voltage-label arrow Uges\" style=\"stroke:black;fill:none;stroke-width:2.0;stroke-linecap:round;stroke-linejoin:round;\" /><path d=\"M 23.400000000000002 -29.0 L 19.800000000000004 -37.8 L 27.000000000000004 -37.8 Z\" style=\"stroke:black;fill:black;stroke-linecap:butt;stroke-linejoin:miter;\" class=\"voltage-label arrow Uges\" /><path d=\"M 6.613092715395707e-15,-108.0 L 9.919639073093561e-15,-162.0 L 1.3226185430791413e-14,-216.0\" id=\"na\" class=\"na\" style=\"stroke:black;fill:none;stroke-width:2.0;stroke-linecap:round;stroke-linejoin:round;\" /><path d=\"M 1.3226185430791413e-14,-216.0 L 54.000000000000014,-216.0 L 108.00000000000001,-216.0\" id=\"na\" class=\"na\" style=\"stroke:black;fill:none;stroke-width:2.0;stroke-linecap:round;stroke-linejoin:round;\" /><path d=\"M 108.00000000000001,-216.0 L 108.0,-162.0 L 108.0,-108.0\" id=\"na\" class=\"na\" style=\"stroke:black;fill:none;stroke-width:2.0;stroke-linecap:round;stroke-linejoin:round;\" /><path d=\"M 108.0,-108.0 L 108.0,-72.0 L 117.0,-72.0 L 116.99999999999999,-36.0 L 98.99999999999999,-36.0 L 99.0,-72.0 L 108.0,-72.0 M 107.99999999999999,-36.0 L 107.99999999999999,-0.0\" id=\"Rs2\" class=\"300.0 \\Omega\" style=\"stroke:black;fill:transparent;stroke-width:2.0;stroke-linecap:round;stroke-linejoin:round;\" /><path d=\"M 122.39999999999998,-81.0 L 122.39999999999998,-37.800000000000004\" id=\"na\" class=\"voltage-label arrow Us2\" style=\"stroke:black;fill:none;stroke-width:2.0;stroke-linecap:round;stroke-linejoin:round;\" /><path d=\"M 122.39999999999998 -29.0 L 118.79999999999998 -37.8 L 125.99999999999997 -37.8 Z\" style=\"stroke:black;fill:black;stroke-linecap:butt;stroke-linejoin:miter;\" class=\"voltage-label arrow Us2\" /><path d=\"M 107.99999999999999,-0.0 L 107.99999999999997,54.0 L 107.99999999999997,108.0\" id=\"na\" class=\"na\" style=\"stroke:black;fill:none;stroke-width:2.0;stroke-linecap:round;stroke-linejoin:round;\" /><path d=\"M 107.99999999999997,108.0 L 53.99999999999997,108.0 L -3.197442310920451e-14,107.99999999999999\" id=\"na\" class=\"na\" style=\"stroke:black;fill:none;stroke-width:2.0;stroke-linecap:round;stroke-linejoin:round;\" /><path d=\"M -3.197442310920451e-14,107.99999999999999 L -1.6677468085554966e-14,53.99999999999999 L -1.380513061905422e-15,-0.0\" id=\"na\" class=\"na\" style=\"stroke:black;fill:none;stroke-width:2.0;stroke-linecap:round;stroke-linejoin:round;\" /><text x=\"-14.399999999999999\" y=\"-45.2\" fill=\"black\" font-size=\"14.0\" font-family=\"sans\" text-anchor=\"end\" class=\"element-label V1\"><tspan x=\"-14.399999999999999\" dy=\"14.0\">###.### ##</tspan></text><text x=\"27.000000000000004\" y=\"-52.400000000000006\" fill=\"black\" font-size=\"14.0\" font-family=\"sans\" text-anchor=\"start\" class=\"voltage-label arrow Uges\"><tspan x=\"27.000000000000004\" dy=\"14.0\">###.### ##</tspan></text><text x=\"95.39999999999999\" y=\"-73.99999999999999\" fill=\"black\" font-size=\"14.0\" font-family=\"sans\" text-anchor=\"end\" class=\"element-label Rs2\"><tspan x=\"95.39999999999999\" dy=\"14.0\">###.### ##</tspan></text><text x=\"125.99999999999999\" y=\"-52.4\" fill=\"black\" font-size=\"14.0\" font-family=\"sans\" text-anchor=\"start\" class=\"voltage-label arrow Us2\"><tspan x=\"125.99999999999999\" dy=\"14.0\">###.### ##</tspan></text><path d=\"M 8.817456953860937e-16,-14.399999999999997 L 8.81745695386094e-16,-14.399999999999999\" id=\"na\" class=\"current-label arrow Iges\" style=\"stroke:black;fill:none;stroke-width:2.0;stroke-linecap:round;stroke-linejoin:round;\" /><path d=\"M 1.4205902870109293e-15 -23.2 L 5.4 -14.400000000000002 L -5.399999999999999 -14.400000000000002 Z\" style=\"stroke:black;fill:black;stroke-linecap:butt;stroke-linejoin:miter;\" class=\"current-label arrow Iges\" /><text x=\"-10.799999999999997\" y=\"-29.0\" fill=\"black\" font-size=\"14.0\" font-family=\"sans\" text-anchor=\"end\" class=\"current-label arrow Iges\"><tspan x=\"-10.799999999999997\" dy=\"14.0\">###.### ##</tspan></text><path d=\"M 107.99999999999999,-93.60000000000001 L 107.99999999999999,-93.6\" id=\"na\" class=\"current-label arrow Is2\" style=\"stroke:black;fill:none;stroke-width:2.0;stroke-linecap:round;stroke-linejoin:round;\" /><path d=\"M 107.99999999999999 -84.8 L 102.59999999999998 -93.60000000000001 L 113.39999999999999 -93.60000000000001 Z\" style=\"stroke:black;fill:black;stroke-linecap:butt;stroke-linejoin:miter;\" class=\"current-label arrow Is2\" /><text x=\"97.19999999999999\" y=\"-97.4\" fill=\"black\" font-size=\"14.0\" font-family=\"sans\" text-anchor=\"end\" class=\"current-label arrow Is2\"><tspan x=\"97.19999999999999\" dy=\"14.0\">###.### ##</tspan></text></svg>"
    },
    "R1.R2.R3": {
        "step": "step1",
        "canBeSimplified": true,
        "simplifiedTo": {
            "Z": {
                "name": "Rs1",
                "impedance": "300.0 \\Omega",
                "cpxVal": "300.0 \\Omega",
                "re": "300.0",
                "im": "0",
                "phase": "0",
                "val": "300.0 \\Omega"
            },
            "U": {
                "name": "Us1",
                "val": "10.0 \\text{V}",
                "phase": "0"
            },
            "I": {
                "name": "Is1",
                "val": "0.033 \\text{A}",
                "phase": "0"
            },
            "hasConversion": true
        },
        "componentsRelation": "series",
        "components": [
            {
                "Z": {
                    "name": "R1",
                    "impedance": "100.0 \\Omega",
                    "cpxVal": "100.0 \\Omega",
                    "re": "100.0",
                    "im": "0",
                    "phase": "0",
                    "val": "100.0 \\Omega"
                },
                "U": {
                    "name": "U1",
                    "val": "3.333 \\text{V}",
                    "phase": "0"
                },
                "I": {
                    "name": "I1",
                    "val": "0.033 \\text{A}",
                    "phase": "0"
                },
                "hasConversion": true
            },
            {
                "Z": {
                    "name": "R2",
                    "impedance": "100.0 \\Omega",
                    "cpxVal": "100.0 \\Omega",
                    "re": "100.0",
                    "im": "0",
                    "phase": "0",
                    "val": "100.0 \\Omega"
                },
                "U": {
                    "name": "U2",
                    "val": "3.333 \\text{V}",
                    "phase": "0"
                },
                "I": {
                    "name": "I2",
                    "val": "0.033 \\text{A}",
                    "phase": "0"
                },
                "hasConversion": true
            },
            {
                "Z": {
                    "name": "R3",
                    "impedance": "100.0 \\Omega",
                    "cpxVal": "100.0 \\Omega",
                    "re": "100.0",
                    "im": "0",
                    "phase": "0",
                    "val": "100.0 \\Omega"
                },
                "U": {
                    "name": "U3",
                    "val": "3.333 \\text{V}",
                    "phase": "0"
                },
                "I": {
                    "name": "I3",
                    "val": "0.033 \\text{A}",
                    "phase": "0"
                },
                "hasConversion": true
            }
        ],
        "allComponents": [
            {
                "Z": {
                    "name": "Rs1",
                    "impedance": "300.0 \\Omega",
                    "cpxVal": "300.0 \\Omega",
                    "re": "300.0",
                    "im": "0",
                    "phase": "0",
                    "val": "300.0 \\Omega"
                },
                "U": {
                    "name": "Us1",
                    "val": "10.0 \\text{V}",
                    "phase": "0"
                },
                "I": {
                    "name": "Is1",
                    "val": "0.033 \\text{A}",
                    "phase": "0"
                },
                "hasConversion": true
            }
        ],
        "svgData": "<svg xmlns=\"http://www.w3.org/2000/svg\" xml:lang=\"en\" height=\"340.4pt\" width=\"291.896pt\" viewBox=\"-90.14800000000001 -227.79999999999998 291.896 340.4\"><circle cx=\"3.3065463576978533e-15\" cy=\"-54.0\" r=\"18.0\" style=\"stroke:black;fill:none;stroke-width:2.0;\" id=\"V1_Circle\" class=\"10.0 \\text{V}\" /><path d=\"M 0.0,-0.0 L 2.204364238465236e-15,-36.0 L 2.204364238465236e-15,-36.0 M 4.408728476930472e-15,-72.0 L 4.408728476930472e-15,-72.0 L 6.613092715395707e-15,-108.0\" id=\"V1_line\" class=\"10.0 \\text{V}\" style=\"stroke:black;fill:none;stroke-width:2.0;stroke-linecap:round;stroke-linejoin:round;\" /><path d=\"M 2.204364238465236e-15,-36.0 L 4.408728476930472e-15,-72.0\" id=\"V1_sourceLne\" class=\"10.0 \\text{V}\" style=\"stroke:black;fill:none;stroke-width:2.0;stroke-linecap:round;stroke-linejoin:round;\" /><path d=\"M -5.399999999999998,-27.0 L -12.599999999999998,-27.0\" id=\"V1_minusSign\" class=\"10.0 \\text{V}\" style=\"stroke:black;fill:none;stroke-width:2.0;stroke-linecap:round;stroke-linejoin:round;\" /><path d=\"M -8.999999999999995,-77.39999999999999 L -8.999999999999995,-84.60000000000001\" id=\"V1_plusSign1\" class=\"10.0 \\text{V}\" style=\"stroke:black;fill:none;stroke-width:2.0;stroke-linecap:round;stroke-linejoin:round;\" /><path d=\"M -5.399999999999995,-81.0 L -12.599999999999994,-81.0\" id=\"V1_plusSign2\" class=\"10.0 \\text{V}\" style=\"stroke:black;fill:none;stroke-width:2.0;stroke-linecap:round;stroke-linejoin:round;\" /><path d=\"M 23.400000000000002,-37.800000000000004 L 23.400000000000006,-81.0\" id=\"na\" class=\"voltage-label arrow Uges\" style=\"stroke:black;fill:none;stroke-width:2.0;stroke-linecap:round;stroke-linejoin:round;\" /><path d=\"M 23.400000000000002 -29.0 L 19.800000000000004 -37.8 L 27.000000000000004 -37.8 Z\" style=\"stroke:black;fill:black;stroke-linecap:butt;stroke-linejoin:miter;\" class=\"voltage-label arrow Uges\" /><path d=\"M 6.613092715395707e-15,-108.0 L 9.919639073093561e-15,-162.0 L 1.3226185430791413e-14,-216.0\" id=\"na\" class=\"na\" style=\"stroke:black;fill:none;stroke-width:2.0;stroke-linecap:round;stroke-linejoin:round;\" /><path d=\"M 1.3226185430791413e-14,-216.0 L 54.000000000000014,-216.0 L 108.00000000000001,-216.0\" id=\"na\" class=\"na\" style=\"stroke:black;fill:none;stroke-width:2.0;stroke-linecap:round;stroke-linejoin:round;\" /><path d=\"M 108.00000000000001,-216.0 L 108.0,-162.0 L 108.0,-108.0\" id=\"na\" class=\"na\" style=\"stroke:black;fill:none;stroke-width:2.0;stroke-linecap:round;stroke-linejoin:round;\" /><path d=\"M 108.0,-108.0 L 107.99999999999999,-54.0 L 107.99999999999999,-0.0\" id=\"na\" class=\"na\" style=\"stroke:black;fill:none;stroke-width:2.0;stroke-linecap:round;stroke-linejoin:round;\" /><path d=\"M 107.99999999999999,-0.0 L 107.99999999999999,36.0 L 116.99999999999999,36.0 L 116.99999999999997,72.0 L 98.99999999999997,72.0 L 98.99999999999999,36.0 L 107.99999999999999,36.0 M 107.99999999999997,72.0 L 107.99999999999997,108.0\" id=\"Rs1\" class=\"300.0 \\Omega\" style=\"stroke:black;fill:transparent;stroke-width:2.0;stroke-linecap:round;stroke-linejoin:round;\" /><path d=\"M 122.39999999999998,27.0 L 122.39999999999996,70.2\" id=\"na\" class=\"voltage-label arrow Us1\" style=\"stroke:black;fill:none;stroke-width:2.0;stroke-linecap:round;stroke-linejoin:round;\" /><path d=\"M 122.39999999999996 79.0 L 118.79999999999997 70.19999999999999 L 125.99999999999997 70.2 Z\" style=\"stroke:black;fill:black;stroke-linecap:butt;stroke-linejoin:miter;\" class=\"voltage-label arrow Us1\" /><path d=\"M 107.99999999999997,108.0 L 53.99999999999997,108.0 L -3.197442310920451e-14,107.99999999999999\" id=\"na\" class=\"na\" style=\"stroke:black;fill:none;stroke-width:2.0;stroke-linecap:round;stroke-linejoin:round;\" /><path d=\"M -3.197442310920451e-14,107.99999999999999 L -1.6677468085554966e-14,53.99999999999999 L -1.380513061905422e-15,-0.0\" id=\"na\" class=\"na\" style=\"stroke:black;fill:none;stroke-width:2.0;stroke-linecap:round;stroke-linejoin:round;\" /><text x=\"-14.399999999999999\" y=\"-45.2\" fill=\"black\" font-size=\"14.0\" font-family=\"sans\" text-anchor=\"end\" class=\"element-label V1\"><tspan x=\"-14.399999999999999\" dy=\"14.0\">###.### ##</tspan></text><text x=\"27.000000000000004\" y=\"-52.400000000000006\" fill=\"black\" font-size=\"14.0\" font-family=\"sans\" text-anchor=\"start\" class=\"voltage-label arrow Uges\"><tspan x=\"27.000000000000004\" dy=\"14.0\">###.### ##</tspan></text><text x=\"95.39999999999998\" y=\"34.0\" fill=\"black\" font-size=\"14.0\" font-family=\"sans\" text-anchor=\"end\" class=\"element-label Rs1\"><tspan x=\"95.39999999999998\" dy=\"14.0\">###.### ##</tspan></text><text x=\"125.99999999999997\" y=\"55.599999999999994\" fill=\"black\" font-size=\"14.0\" font-family=\"sans\" text-anchor=\"start\" class=\"voltage-label arrow Us1\"><tspan x=\"125.99999999999997\" dy=\"14.0\">###.### ##</tspan></text><path d=\"M 8.817456953860937e-16,-14.399999999999997 L 8.81745695386094e-16,-14.399999999999999\" id=\"na\" class=\"current-label arrow Iges\" style=\"stroke:black;fill:none;stroke-width:2.0;stroke-linecap:round;stroke-linejoin:round;\" /><path d=\"M 1.4205902870109293e-15 -23.2 L 5.4 -14.400000000000002 L -5.399999999999999 -14.400000000000002 Z\" style=\"stroke:black;fill:black;stroke-linecap:butt;stroke-linejoin:miter;\" class=\"current-label arrow Iges\" /><text x=\"-10.799999999999997\" y=\"-29.0\" fill=\"black\" font-size=\"14.0\" font-family=\"sans\" text-anchor=\"end\" class=\"current-label arrow Iges\"><tspan x=\"-10.799999999999997\" dy=\"14.0\">###.### ##</tspan></text><path d=\"M 107.99999999999997,14.399999999999997 L 107.99999999999997,14.399999999999999\" id=\"na\" class=\"current-label arrow Is1\" style=\"stroke:black;fill:none;stroke-width:2.0;stroke-linecap:round;stroke-linejoin:round;\" /><path d=\"M 107.99999999999997 23.2 L 102.59999999999997 14.400000000000002 L 113.39999999999998 14.400000000000002 Z\" style=\"stroke:black;fill:black;stroke-linecap:butt;stroke-linejoin:miter;\" class=\"current-label arrow Is1\" /><text x=\"97.19999999999997\" y=\"10.6\" fill=\"black\" font-size=\"14.0\" font-family=\"sans\" text-anchor=\"end\" class=\"current-label arrow Is1\"><tspan x=\"97.19999999999997\" dy=\"14.0\">###.### ##</tspan></text></svg>"
    },
    "R1.R2": {
        "step": "step1",
        "canBeSimplified": true,
        "simplifiedTo": {
            "Z": {
                "name": "Rs1",
                "impedance": "200.0 \\Omega",
                "cpxVal": "200.0 \\Omega",
                "re": "200.0",
                "im": "0",
                "phase": "0",
                "val": "200.0 \\Omega"
            },
            "U": {
                "name": "Us1",
                "val": "6.667 \\text{V}",
                "phase": "0"
            },
            "I": {
                "name": "Is1",
                "val": "0.033 \\text{A}",
                "phase": "0"
            },
            "hasConversion": true
        },
        "componentsRelation": "series",
        "components": [
            {
                "Z": {
                    "name": "R1",
                    "impedance": "100.0 \\Omega",
                    "cpxVal": "100.0 \\Omega",
                    "re": "100.0",
                    "im": "0",
                    "phase": "0",
                    "val": "100.0 \\Omega"
                },
                "U": {
                    "name": "U1",
                    "val": "3.333 \\text{V}",
                    "phase": "0"
                },
                "I": {
                    "name": "I1",
                    "val": "0.033 \\text{A}",
                    "phase": "0"
                },
                "hasConversion": true
            },
            {
                "Z": {
                    "name": "R2",
                    "impedance": "100.0 \\Omega",
                    "cpxVal": "100.0 \\Omega",
                    "re": "100.0",
                    "im": "0",
                    "phase": "0",
                    "val": "100.0 \\Omega"
                },
                "U": {
                    "name": "U2",
                    "val": "3.333 \\text{V}",
                    "phase": "0"
                },
                "I": {
                    "name": "I2",
                    "val": "0.033 \\text{A}",
                    "phase": "0"
                },
                "hasConversion": true
            }
        ],
        "allComponents": [
            {
                "Z": {
                    "name": "R3",
                    "impedance": "100.0 \\Omega",
                    "cpxVal": "100.0 \\Omega",
                    "re": "100.0",
                    "im": "0",
                    "phase": "0",
                    "val": "100.0 \\Omega"
                },
                "U": {
                    "name": "U3",
                    "val": "3.333 \\text{V}",
                    "phase": "0"
                },
                "I": {
                    "name": "I3",
                    "val": "0.033 \\text{A}",
                    "phase": "0"
                },
                "hasConversion": true
            },
            {
                "Z": {
                    "name": "Rs1",
                    "impedance": "200.0 \\Omega",
                    "cpxVal": "200.0 \\Omega",
                    "re": "200.0",
                    "im": "0",
                    "phase": "0",
                    "val": "200.0 \\Omega"
                },
                "U": {
                    "name": "Us1",
                    "val": "6.667 \\text{V}",
                    "phase": "0"
                },
                "I": {
                    "name": "Is1",
                    "val": "0.033 \\text{A}",
                    "phase": "0"
                },
                "hasConversion": true
            }
        ],
        "svgData": "<svg xmlns=\"http://www.w3.org/2000/svg\" xml:lang=\"en\" height=\"340.4pt\" width=\"291.896pt\" viewBox=\"-90.14800000000001 -227.79999999999998 291.896 340.4\"><circle cx=\"3.3065463576978533e-15\" cy=\"-54.0\" r=\"18.0\" style=\"stroke:black;fill:none;stroke-width:2.0;\" id=\"V1_Circle\" class=\"10.0 \\text{V}\" /><path d=\"M 0.0,-0.0 L 2.204364238465236e-15,-36.0 L 2.204364238465236e-15,-36.0 M 4.408728476930472e-15,-72.0 L 4.408728476930472e-15,-72.0 L 6.613092715395707e-15,-108.0\" id=\"V1_line\" class=\"10.0 \\text{V}\" style=\"stroke:black;fill:none;stroke-width:2.0;stroke-linecap:round;stroke-linejoin:round;\" /><path d=\"M 2.204364238465236e-15,-36.0 L 4.408728476930472e-15,-72.0\" id=\"V1_sourceLne\" class=\"10.0 \\text{V}\" style=\"stroke:black;fill:none;stroke-width:2.0;stroke-linecap:round;stroke-linejoin:round;\" /><path d=\"M -5.399999999999998,-27.0 L -12.599999999999998,-27.0\" id=\"V1_minusSign\" class=\"10.0 \\text{V}\" style=\"stroke:black;fill:none;stroke-width:2.0;stroke-linecap:round;stroke-linejoin:round;\" /><path d=\"M -8.999999999999995,-77.39999999999999 L -8.999999999999995,-84.60000000000001\" id=\"V1_plusSign1\" class=\"10.0 \\text{V}\" style=\"stroke:black;fill:none;stroke-width:2.0;stroke-linecap:round;stroke-linejoin:round;\" /><path d=\"M -5.399999999999995,-81.0 L -12.599999999999994,-81.0\" id=\"V1_plusSign2\" class=\"10.0 \\text{V}\" style=\"stroke:black;fill:none;stroke-width:2.0;stroke-linecap:round;stroke-linejoin:round;\" /><path d=\"M 23.400000000000002,-37.800000000000004 L 23.400000000000006,-81.0\" id=\"na\" class=\"voltage-label arrow Uges\" style=\"stroke:black;fill:none;stroke-width:2.0;stroke-linecap:round;stroke-linejoin:round;\" /><path d=\"M 23.400000000000002 -29.0 L 19.800000000000004 -37.8 L 27.000000000000004 -37.8 Z\" style=\"stroke:black;fill:black;stroke-linecap:butt;stroke-linejoin:miter;\" class=\"voltage-label arrow Uges\" /><path d=\"M 6.613092715395707e-15,-108.0 L 9.919639073093561e-15,-162.0 L 1.3226185430791413e-14,-216.0\" id=\"na\" class=\"na\" style=\"stroke:black;fill:none;stroke-width:2.0;stroke-linecap:round;stroke-linejoin:round;\" /><path d=\"M 1.3226185430791413e-14,-216.0 L 54.000000000000014,-216.0 L 108.00000000000001,-216.0\" id=\"na\" class=\"na\" style=\"stroke:black;fill:none;stroke-width:2.0;stroke-linecap:round;stroke-linejoin:round;\" /><path d=\"M 108.00000000000001,-216.0 L 108.00000000000001,-180.0 L 117.00000000000001,-180.0 L 117.0,-144.0 L 99.0,-144.0 L 99.00000000000001,-180.0 L 108.00000000000001,-180.0 M 108.0,-144.0 L 108.0,-108.0\" id=\"Rs1\" class=\"200.0 \\Omega\" style=\"stroke:black;fill:transparent;stroke-width:2.0;stroke-linecap:round;stroke-linejoin:round;\" /><path d=\"M 122.4,-189.0 L 122.39999999999999,-145.79999999999998\" id=\"na\" class=\"voltage-label arrow Us1\" style=\"stroke:black;fill:none;stroke-width:2.0;stroke-linecap:round;stroke-linejoin:round;\" /><path d=\"M 122.39999999999999 -137.0 L 118.8 -145.8 L 126.0 -145.8 Z\" style=\"stroke:black;fill:black;stroke-linecap:butt;stroke-linejoin:miter;\" class=\"voltage-label arrow Us1\" /><path d=\"M 108.0,-108.0 L 107.99999999999999,-54.0 L 107.99999999999999,-0.0\" id=\"na\" class=\"na\" style=\"stroke:black;fill:none;stroke-width:2.0;stroke-linecap:round;stroke-linejoin:round;\" /><path d=\"M 107.99999999999999,-0.0 L 107.99999999999999,36.0 L 116.99999999999999,36.0 L 116.99999999999997,72.0 L 98.99999999999997,72.0 L 98.99999999999999,36.0 L 107.99999999999999,36.0 M 107.99999999999997,72.0 L 107.99999999999997,108.0\" id=\"R3\" class=\"100.0 \\Omega\" style=\"stroke:black;fill:transparent;stroke-width:2.0;stroke-linecap:round;stroke-linejoin:round;\" /><path d=\"M 122.39999999999998,27.0 L 122.39999999999996,70.2\" id=\"na\" class=\"voltage-label arrow U3\" style=\"stroke:black;fill:none;stroke-width:2.0;stroke-linecap:round;stroke-linejoin:round;\" /><path d=\"M 122.39999999999996 79.0 L 118.79999999999997 70.19999999999999 L 125.99999999999997 70.2 Z\" style=\"stroke:black;fill:black;stroke-linecap:butt;stroke-linejoin:miter;\" class=\"voltage-label arrow U3\" /><path d=\"M 107.99999999999997,108.0 L 53.99999999999997,108.0 L -3.197442310920451e-14,107.99999999999999\" id=\"na\" class=\"na\" style=\"stroke:black;fill:none;stroke-width:2.0;stroke-linecap:round;stroke-linejoin:round;\" /><path d=\"M -3.197442310920451e-14,107.99999999999999 L -1.6677468085554966e-14,53.99999999999999 L -1.380513061905422e-15,-0.0\" id=\"na\" class=\"na\" style=\"stroke:black;fill:none;stroke-width:2.0;stroke-linecap:round;stroke-linejoin:round;\" /><text x=\"-14.399999999999999\" y=\"-45.2\" fill=\"black\" font-size=\"14.0\" font-family=\"sans\" text-anchor=\"end\" class=\"element-label V1\"><tspan x=\"-14.399999999999999\" dy=\"14.0\">###.### ##</tspan></text><text x=\"27.000000000000004\" y=\"-52.400000000000006\" fill=\"black\" font-size=\"14.0\" font-family=\"sans\" text-anchor=\"start\" class=\"voltage-label arrow Uges\"><tspan x=\"27.000000000000004\" dy=\"14.0\">###.### ##</tspan></text><text x=\"95.4\" y=\"-182.0\" fill=\"black\" font-size=\"14.0\" font-family=\"sans\" text-anchor=\"end\" class=\"element-label Rs1\"><tspan x=\"95.4\" dy=\"14.0\">###.### ##</tspan></text><text x=\"126.0\" y=\"-160.39999999999998\" fill=\"black\" font-size=\"14.0\" font-family=\"sans\" text-anchor=\"start\" class=\"voltage-label arrow Us1\"><tspan x=\"126.0\" dy=\"14.0\">###.### ##</tspan></text><text x=\"95.39999999999998\" y=\"34.0\" fill=\"black\" font-size=\"14.0\" font-family=\"sans\" text-anchor=\"end\" class=\"element-label R3\"><tspan x=\"95.39999999999998\" dy=\"14.0\">###.### ##</tspan></text><text x=\"125.99999999999997\" y=\"55.599999999999994\" fill=\"black\" font-size=\"14.0\" font-family=\"sans\" text-anchor=\"start\" class=\"voltage-label arrow U3\"><tspan x=\"125.99999999999997\" dy=\"14.0\">###.### ##</tspan></text><path d=\"M 8.817456953860937e-16,-14.399999999999997 L 8.81745695386094e-16,-14.399999999999999\" id=\"na\" class=\"current-label arrow Iges\" style=\"stroke:black;fill:none;stroke-width:2.0;stroke-linecap:round;stroke-linejoin:round;\" /><path d=\"M 1.4205902870109293e-15 -23.2 L 5.4 -14.400000000000002 L -5.399999999999999 -14.400000000000002 Z\" style=\"stroke:black;fill:black;stroke-linecap:butt;stroke-linejoin:miter;\" class=\"current-label arrow Iges\" /><text x=\"-10.799999999999997\" y=\"-29.0\" fill=\"black\" font-size=\"14.0\" font-family=\"sans\" text-anchor=\"end\" class=\"current-label arrow Iges\"><tspan x=\"-10.799999999999997\" dy=\"14.0\">###.### ##</tspan></text><path d=\"M 108.0,-201.6 L 108.0,-201.6\" id=\"na\" class=\"current-label arrow Is1\" style=\"stroke:black;fill:none;stroke-width:2.0;stroke-linecap:round;stroke-linejoin:round;\" /><path d=\"M 108.0 -192.79999999999998 L 102.6 -201.6 L 113.4 -201.6 Z\" style=\"stroke:black;fill:black;stroke-linecap:butt;stroke-linejoin:miter;\" class=\"current-label arrow Is1\" /><text x=\"97.2\" y=\"-205.39999999999998\" fill=\"black\" font-size=\"14.0\" font-family=\"sans\" text-anchor=\"end\" class=\"current-label arrow Is1\"><tspan x=\"97.2\" dy=\"14.0\">###.### ##</tspan></text><path d=\"M 107.99999999999997,14.399999999999997 L 107.99999999999997,14.399999999999999\" id=\"na\" class=\"current-label arrow I3\" style=\"stroke:black;fill:none;stroke-width:2.0;stroke-linecap:round;stroke-linejoin:round;\" /><path d=\"M 107.99999999999997 23.2 L 102.59999999999997 14.400000000000002 L 113.39999999999998 14.400000000000002 Z\" style=\"stroke:black;fill:black;stroke-linecap:butt;stroke-linejoin:miter;\" class=\"current-label arrow I3\" /><text x=\"97.19999999999997\" y=\"10.6\" fill=\"black\" font-size=\"14.0\" font-family=\"sans\" text-anchor=\"end\" class=\"current-label arrow I3\"><tspan x=\"97.19999999999997\" dy=\"14.0\">###.### ##</tspan></text></svg>"
    },
    "R3.Rs1": {
        "step": "step2",
        "canBeSimplified": true,
        "simplifiedTo": {
            "Z": {
                "name": "Rs2",
                "impedance": "300.0 \\Omega",
                "cpxVal": "300.0 \\Omega",
                "re": "300.0",
                "im": "0",
                "phase": "0",
                "val": "300.0 \\Omega"
            },
            "U": {
                "name": "Us2",
                "val": "10.0 \\text{V}",
                "phase": "0"
            },
            "I": {
                "name": "Is2",
                "val": "0.033 \\text{A}",
                "phase": "0"
            },
            "hasConversion": true
        },
        "componentsRelation": "series",
        "components": [
            {
                "Z": {
                    "name": "R3",
                    "impedance": "100.0 \\Omega",
                    "cpxVal": "100.0 \\Omega",
                    "re": "100.0",
                    "im": "0",
                    "phase": "0",
                    "val": "100.0 \\Omega"
                },
                "U": {
                    "name": "U3",
                    "val": "3.333 \\text{V}",
                    "phase": "0"
                },
                "I": {
                    "name": "I3",
                    "val": "0.033 \\text{A}",
                    "phase": "0"
                },
                "hasConversion": true
            },
            {
                "Z": {
                    "name": "Rs1",
                    "impedance": "200.0 \\Omega",
                    "cpxVal": "200.0 \\Omega",
                    "re": "200.0",
                    "im": "0",
                    "phase": "0",
                    "val": "200.0 \\Omega"
                },
                "U": {
                    "name": "Us1",
                    "val": "6.667 \\text{V}",
                    "phase": "0"
                },
                "I": {
                    "name": "Is1",
                    "val": "0.033 \\text{A}",
                    "phase": "0"
                },
                "hasConversion": true
            }
        ],
        "allComponents": [
            {
                "Z": {
                    "name": "Rs2",
                    "impedance": "300.0 \\Omega",
                    "cpxVal": "300.0 \\Omega",
                    "re": "300.0",
                    "im": "0",
                    "phase": "0",
                    "val": "300.0 \\Omega"
                },
                "U": {
                    "name": "Us2",
                    "val": "10.0 \\text{V}",
                    "phase": "0"
                },
                "I": {
                    "name": "Is2",
                    "val": "0.033 \\text{A}",
                    "phase": "0"
                },
                "hasConversion": true
            }
        ],
        "svgData": "<svg xmlns=\"http://www.w3.org/2000/svg\" xml:lang=\"en\" height=\"340.4pt\" width=\"291.896pt\" viewBox=\"-90.14800000000001 -227.79999999999998 291.896 340.4\"><circle cx=\"3.3065463576978533e-15\" cy=\"-54.0\" r=\"18.0\" style=\"stroke:black;fill:none;stroke-width:2.0;\" id=\"V1_Circle\" class=\"10.0 \\text{V}\" /><path d=\"M 0.0,-0.0 L 2.204364238465236e-15,-36.0 L 2.204364238465236e-15,-36.0 M 4.408728476930472e-15,-72.0 L 4.408728476930472e-15,-72.0 L 6.613092715395707e-15,-108.0\" id=\"V1_line\" class=\"10.0 \\text{V}\" style=\"stroke:black;fill:none;stroke-width:2.0;stroke-linecap:round;stroke-linejoin:round;\" /><path d=\"M 2.204364238465236e-15,-36.0 L 4.408728476930472e-15,-72.0\" id=\"V1_sourceLne\" class=\"10.0 \\text{V}\" style=\"stroke:black;fill:none;stroke-width:2.0;stroke-linecap:round;stroke-linejoin:round;\" /><path d=\"M -5.399999999999998,-27.0 L -12.599999999999998,-27.0\" id=\"V1_minusSign\" class=\"10.0 \\text{V}\" style=\"stroke:black;fill:none;stroke-width:2.0;stroke-linecap:round;stroke-linejoin:round;\" /><path d=\"M -8.999999999999995,-77.39999999999999 L -8.999999999999995,-84.60000000000001\" id=\"V1_plusSign1\" class=\"10.0 \\text{V}\" style=\"stroke:black;fill:none;stroke-width:2.0;stroke-linecap:round;stroke-linejoin:round;\" /><path d=\"M -5.399999999999995,-81.0 L -12.599999999999994,-81.0\" id=\"V1_plusSign2\" class=\"10.0 \\text{V}\" style=\"stroke:black;fill:none;stroke-width:2.0;stroke-linecap:round;stroke-linejoin:round;\" /><path d=\"M 23.400000000000002,-37.800000000000004 L 23.400000000000006,-81.0\" id=\"na\" class=\"voltage-label arrow Uges\" style=\"stroke:black;fill:none;stroke-width:2.0;stroke-linecap:round;stroke-linejoin:round;\" /><path d=\"M 23.400000000000002 -29.0 L 19.800000000000004 -37.8 L 27.000000000000004 -37.8 Z\" style=\"stroke:black;fill:black;stroke-linecap:butt;stroke-linejoin:miter;\" class=\"voltage-label arrow Uges\" /><path d=\"M 6.613092715395707e-15,-108.0 L 9.919639073093561e-15,-162.0 L 1.3226185430791413e-14,-216.0\" id=\"na\" class=\"na\" style=\"stroke:black;fill:none;stroke-width:2.0;stroke-linecap:round;stroke-linejoin:round;\" /><path d=\"M 1.3226185430791413e-14,-216.0 L 54.000000000000014,-216.0 L 108.00000000000001,-216.0\" id=\"na\" class=\"na\" style=\"stroke:black;fill:none;stroke-width:2.0;stroke-linecap:round;stroke-linejoin:round;\" /><path d=\"M 108.00000000000001,-216.0 L 108.0,-162.0 L 108.0,-108.0\" id=\"na\" class=\"na\" style=\"stroke:black;fill:none;stroke-width:2.0;stroke-linecap:round;stroke-linejoin:round;\" /><path d=\"M 108.0,-108.0 L 107.99999999999999,-54.0 L 107.99999999999999,-0.0\" id=\"na\" class=\"na\" style=\"stroke:black;fill:none;stroke-width:2.0;stroke-linecap:round;stroke-linejoin:round;\" /><path d=\"M 107.99999999999999,-0.0 L 107.99999999999999,36.0 L 116.99999999999999,36.0 L 116.99999999999997,72.0 L 98.99999999999997,72.0 L 98.99999999999999,36.0 L 107.99999999999999,36.0 M 107.99999999999997,72.0 L 107.99999999999997,108.0\" id=\"Rs2\" class=\"300.0 \\Omega\" style=\"stroke:black;fill:transparent;stroke-width:2.0;stroke-linecap:round;stroke-linejoin:round;\" /><path d=\"M 122.39999999999998,27.0 L 122.39999999999996,70.2\" id=\"na\" class=\"voltage-label arrow Us2\" style=\"stroke:black;fill:none;stroke-width:2.0;stroke-linecap:round;stroke-linejoin:round;\" /><path d=\"M 122.39999999999996 79.0 L 118.79999999999997 70.19999999999999 L 125.99999999999997 70.2 Z\" style=\"stroke:black;fill:black;stroke-linecap:butt;stroke-linejoin:miter;\" class=\"voltage-label arrow Us2\" /><path d=\"M 107.99999999999997,108.0 L 53.99999999999997,108.0 L -3.197442310920451e-14,107.99999999999999\" id=\"na\" class=\"na\" style=\"stroke:black;fill:none;stroke-width:2.0;stroke-linecap:round;stroke-linejoin:round;\" /><path d=\"M -3.197442310920451e-14,107.99999999999999 L -1.6677468085554966e-14,53.99999999999999 L -1.380513061905422e-15,-0.0\" id=\"na\" class=\"na\" style=\"stroke:black;fill:none;stroke-width:2.0;stroke-linecap:round;stroke-linejoin:round;\" /><text x=\"-14.399999999999999\" y=\"-45.2\" fill=\"black\" font-size=\"14.0\" font-family=\"sans\" text-anchor=\"end\" class=\"element-label V1\"><tspan x=\"-14.399999999999999\" dy=\"14.0\">###.### ##</tspan></text><text x=\"27.000000000000004\" y=\"-52.400000000000006\" fill=\"black\" font-size=\"14.0\" font-family=\"sans\" text-anchor=\"start\" class=\"voltage-label arrow Uges\"><tspan x=\"27.000000000000004\" dy=\"14.0\">###.### ##</tspan></text><text x=\"95.39999999999998\" y=\"34.0\" fill=\"black\" font-size=\"14.0\" font-family=\"sans\" text-anchor=\"end\" class=\"element-label Rs2\"><tspan x=\"95.39999999999998\" dy=\"14.0\">###.### ##</tspan></text><text x=\"125.99999999999997\" y=\"55.599999999999994\" fill=\"black\" font-size=\"14.0\" font-family=\"sans\" text-anchor=\"start\" class=\"voltage-label arrow Us2\"><tspan x=\"125.99999999999997\" dy=\"14.0\">###.### ##</tspan></text><path d=\"M 8.817456953860937e-16,-14.399999999999997 L 8.81745695386094e-16,-14.399999999999999\" id=\"na\" class=\"current-label arrow Iges\" style=\"stroke:black;fill:none;stroke-width:2.0;stroke-linecap:round;stroke-linejoin:round;\" /><path d=\"M 1.4205902870109293e-15 -23.2 L 5.4 -14.400000000000002 L -5.399999999999999 -14.400000000000002 Z\" style=\"stroke:black;fill:black;stroke-linecap:butt;stroke-linejoin:miter;\" class=\"current-label arrow Iges\" /><text x=\"-10.799999999999997\" y=\"-29.0\" fill=\"black\" font-size=\"14.0\" font-family=\"sans\" text-anchor=\"end\" class=\"current-label arrow Iges\"><tspan x=\"-10.799999999999997\" dy=\"14.0\">###.### ##</tspan></text><path d=\"M 107.99999999999997,14.399999999999997 L 107.99999999999997,14.399999999999999\" id=\"na\" class=\"current-label arrow Is2\" style=\"stroke:black;fill:none;stroke-width:2.0;stroke-linecap:round;stroke-linejoin:round;\" /><path d=\"M 107.99999999999997 23.2 L 102.59999999999997 14.400000000000002 L 113.39999999999998 14.400000000000002 Z\" style=\"stroke:black;fill:black;stroke-linecap:butt;stroke-linejoin:miter;\" class=\"current-label arrow Is2\" /><text x=\"97.19999999999997\" y=\"10.6\" fill=\"black\" font-size=\"14.0\" font-family=\"sans\" text-anchor=\"end\" class=\"current-label arrow Is2\"><tspan x=\"97.19999999999997\" dy=\"14.0\">###.### ##</tspan></text></svg>"
    }
}